event_id,release_date,split,p_1,p_2,p_3,n_1,n_2,n_3,intrinsic_probability,interruption_probability,chain_probability,ci_lower,ci_upper,ci_width,outcome,hop_1_outcome,hop_2_outcome,hop_3_outcome,stop_hop,stop_state,stop_reason,naive_marginal_probability,conditional_beta_probability,primary_only_probability,proxy_only_probability,no_root_probability,posterior_seed,direct_terminal_logistic_probability
NFP_201101_REL_20110204,2011-02-04,confirmation,0.4411185911094655,0.530567360516488,0.37607440517588675,63.5128838585354,21.06495016347412,14.861855942812628,0.08827644377052084,0.011100893449937319,0.08730869846134329,0.026349903607149543,0.17817398308160398,0.15182407947445445,0,1,1,0,1,STOP_ABSTAIN,wide_ci_and_review_evsi_below_cost,0.023335410199742394,0.07661971830985916,0.10858133218480556,0.028169014084507043,0.06215104424628068,20270903,0.11911164112261717
NFP_201102_REL_20110304,2011-03-04,confirmation,0.4055819454668851,0.5212414182403283,0.3990975608414081,63.5128838585354,21.06495016347412,14.861855942812628,0.08485508758298121,0.011378588803621952,0.0838936252307422,0.028737944831295412,0.1661343870925535,0.13739644226125808,0,0,1,1,1,STOP_ABSTAIN,wide_ci_and_review_evsi_below_cost,0.023335410199742394,0.07661971830985916,0.10640973181817912,0.028169014084507043,0.06264791866209057,20270920,0.11219160758913797
NFP_201103_REL_20110401,2011-04-01,confirmation,0.4050071082338783,0.5201501190938477,0.40104827292951667,63.5128838585354,21.06495016347412,14.861855942812628,0.08477155462080499,0.01125444402303742,0.08381843197561727,0.029226414113216144,0.16381888026126504,0.1345924661480489,0,0,0,0,1,STOP_ABSTAIN,wide_ci_and_review_evsi_below_cost,0.023335410199742394,0.07661971830985916,0.10436039601507438,0.028169014084507043,0.06283305880960856,20270937,0.11262685606018484
NFP_201104_REL_20110506,2011-05-06,confirmation,0.400777366235287,0.519478764181191,0.4035353742509909,63.5128838585354,21.06495016347412,14.861855942812628,0.08448696212441571,0.011221893186700724,0.08353970182566438,0.028807842282566727,0.16363335036348683,0.13482550808092011,0,0,0,0,1,STOP_ABSTAIN,wide_ci_and_review_evsi_below_cost,0.023335410199742394,0.07661971830985916,0.104768093808195,0.028169014084507043,0.06169671168900442,20270954,0.11144897453023962
NFP_201105_REL_20110603,2011-06-03,confirmation,0.2621707726657695,0.49626080749908225,0.4207873526170699,63.5128838585354,21.06495016347412,14.861855942812628,0.055328444868714396,0.011378121468333486,0.05471104150673442,0.012843213299844326,0.12754839974325152,0.1147051864434072,0,1,1,0,1,STOP_ABSTAIN,wide_ci_and_review_evsi_below_cost,0.023335410199742394,0.07661971830985916,0.061897891699093946,0.028169014084507043,0.06096821628044791,20270971,0.07624804194875129
NFP_201106_REL_20110708,2011-07-08,confirmation,0.25970774625330384,0.4977454884823505,0.424030219713758,63.5128838585354,21.06495016347412,14.861855942812628,0.055245419438707886,0.011468233734291275,0.054617479548536976,0.012795735916949559,0.12565770206733648,0.11286196615038692,0,1,1,0,1,STOP_ABSTAIN,next_review_evsi_below_cost,0.023335410199742394,0.07661971830985916,0.06109867396571154,0.028169014084507043,0.06250233351321563,20270988,0.07571876984411362
NFP_201107_REL_20110805,2011-08-05,confirmation,0.4276026032507744,0.5232377301907295,0.38409547638751157,63.5128838585354,21.06495016347412,14.861855942812628,0.08655165904676541,0.011223341706672055,0.08557555491924346,0.027891510256786548,0.17412795389566046,0.14623644363887392,0,0,1,0,1,STOP_ABSTAIN,wide_ci_and_review_evsi_below_cost,0.023335410199742394,0.07661971830985916,0.10643534798224005,0.028169014084507043,0.06232176624010678,20271005,0.11640093508341964
NFP_201108_REL_20110902,2011-09-02,confirmation,0.2467475174910342,0.48951079948675597,0.43548750980086154,63.5128838585354,21.06495016347412,14.861855942812628,0.05272219484390504,0.010997007553870147,0.05213268134118502,0.012813408949589666,0.11448221287640634,0.10166880392681667,0,0,0,1,1,STOP_ABSTAIN,next_review_evsi_below_cost,0.023335410199742394,0.07661971830985916,0.061987685721983356,0.028169014084507043,0.06230469496117656,20271022,0.07369348481626203
NFP_201109_REL_20111007,2011-10-07,confirmation,0.44628199289063764,0.5312792460079788,0.37861883408579977,63.5128838585354,21.06495016347412,14.861855942812628,0.09008275748311667,0.011230140716926375,0.0890604829524117,0.027163441417089568,0.18508603051270467,0.1579225890956151,0,0,0,0,1,STOP_ABSTAIN,wide_ci_and_review_evsi_below_cost,0.023335410199742394,0.07661971830985916,0.10871848196961173,0.028169014084507043,0.062094226339416476,20271039,0.11926518001765476
NFP_201110_REL_20111104,2011-11-04,confirmation,0.2625736148852173,0.49987213822568993,0.4225190181839861,63.5128838585354,21.06495016347412,14.861855942812628,0.05573735671423598,0.011170679347078412,0.05512883261725121,0.013089856296219567,0.1287146864665586,0.11562483017033903,0,1,0,0,1,STOP_ABSTAIN,wide_ci_and_review_evsi_below_cost,0.023335410199742394,0.07661971830985916,0.06281578797045996,0.028169014084507043,0.061954972456028996,20271056,0.07596864493930955
NFP_201111_REL_20111202,2011-12-02,confirmation,0.44543551766507966,0.5287346528910162,0.3777149300810653,63.5128838585354,21.06495016347412,14.861855942812628,0.08957033223991104,0.011501025264903689,0.08853795622366226,0.02646056328603452,0.18501167243235428,0.15855110914631976,0,0,0,0,1,STOP_ABSTAIN,wide_ci_and_review_evsi_below_cost,0.023335410199742394,0.07661971830985916,0.10726387636963672,0.028169014084507043,0.0626625091620181,20271073,0.11899292542323216
NFP_201112_REL_20120106,2012-01-06,confirmation,0.4165204321744661,0.5245320935789379,0.39037901826619326,63.5128838585354,21.06495016347412,14.861855942812628,0.08578315083447142,0.010974419665086171,0.08484945631492508,0.027318545420074298,0.17007477024416684,0.14275622482409253,0,0,0,0,1,STOP_ABSTAIN,wide_ci_and_review_evsi_below_cost,0.023335410199742394,0.07661971830985916,0.10458427337664213,0.028169014084507043,0.061898903767769964,20271090,0.11496753971025013
NFP_201201_REL_20120203,2012-02-03,confirmation,0.40977528523757273,0.5223763134800252,0.3940044106703456,63.5128838585354,21.06495016347412,14.861855942812628,0.0848251778544815,0.011138318627226265,0.08387853724680915,0.02743416367147768,0.16863509193543147,0.14120092826395378,0,0,0,1,1,STOP_ABSTAIN,wide_ci_and_review_evsi_below_cost,0.023335410199742394,0.07661971830985916,0.10460153062140783,0.028169014084507043,0.06174217691232363,20271107,0.11321838024861755
NFP_201202_REL_20120309,2012-03-09,confirmation,0.41524862662352724,0.5234181071039838,0.3931284994359119,63.5128838585354,21.06495016347412,14.861855942812628,0.08572862111898641,0.011200054572977349,0.08476259588909636,0.028199743048648203,0.16993898252665285,0.14173923947800465,0,0,0,0,1,STOP_ABSTAIN,wide_ci_and_review_evsi_below_cost,0.023335410199742394,0.07661971830985916,0.10762741254904876,0.028169014084507043,0.061950532540561855,20271124,0.11440222636495453
NFP_201204_REL_20120504,2012-05-04,confirmation,0.2676345707727282,0.4992086065827692,0.42629655487063134,63.5128838585354,21.06495016347412,14.861855942812628,0.05733685050779277,0.011366058180114595,0.056689388136657685,0.012201459380537502,0.13179829826676195,0.11959683888622445,0,0,0,0,1,STOP_ABSTAIN,wide_ci_and_review_evsi_below_cost,0.023335410199742394,0.07661971830985916,0.06386763535233352,0.028169014084507043,0.06159225790251081,20271141,0.07690461861548778
NFP_201205_REL_20120601,2012-06-01,confirmation,0.2526623434467962,0.49717928545407625,0.42618670605424847,63.5128838585354,21.06495016347412,14.861855942812628,0.05387395612720718,0.011149235193355258,0.053266634679920974,0.012734213442504937,0.12287646452298238,0.11014225108047745,0,1,0,0,1,STOP_ABSTAIN,next_review_evsi_below_cost,0.023335410199742394,0.07661971830985916,0.0620439677563988,0.028169014084507043,0.061207553979910644,20271158,0.07493019122650471
NFP_201206_REL_20120706,2012-07-06,confirmation,0.2576750861519772,0.4982882941814779,0.43176980460614156,63.5128838585354,21.06495016347412,14.861855942812628,0.055651735667629786,0.011383735893802918,0.05502425262504856,0.013223357691745034,0.12705576063751825,0.11383240294577321,0,0,0,0,1,STOP_ABSTAIN,next_review_evsi_below_cost,0.023335410199742394,0.07661971830985916,0.06212450293715566,0.028169014084507043,0.06178836890776303,20271175,0.07539548962303616
NFP_201207_REL_20120803,2012-08-03,confirmation,0.4409046137848508,0.5258736161622376,0.38013208512317503,63.5128838585354,21.06495016347412,14.861855942812628,0.08794441696944187,0.011155534120720168,0.08696330375886394,0.027346268098745023,0.17580601742092036,0.14845974932217534,0,0,0,0,1,STOP_ABSTAIN,wide_ci_and_review_evsi_below_cost,0.023335410199742394,0.07661971830985916,0.10823437899037924,0.028169014084507043,0.06139428694262427,20271192,0.1178121478284331
NFP_201208_REL_20120907,2012-09-07,confirmation,0.2638569513702581,0.5007772537944484,0.4261127658260642,63.5128838585354,21.06495016347412,14.861855942812628,0.056685810477408394,0.010949867377185046,0.05604727160143491,0.012763436443692523,0.13095550627414876,0.11819206983045624,1,1,1,1,1,STOP_ABSTAIN,wide_ci_and_review_evsi_below_cost,0.023335410199742394,0.07661971830985916,0.06313535200033915,0.028169014084507043,0.06266531899236742,20271209,0.07604220647036487
NFP_201209_REL_20121005,2012-10-05,confirmation,0.27049647485773154,0.502263303669318,0.41760378710838436,63.5128838585354,21.06495016347412,14.861855942812628,0.05697514585267821,0.011238417568110804,0.05634737268888792,0.01245543029173547,0.1330716297265325,0.12061619943479703,0,0,0,0,1,STOP_ABSTAIN,wide_ci_and_review_evsi_below_cost,0.023335410199742394,0.07661971830985916,0.0630020399299487,0.028169014084507043,0.0622478003162511,20271226,0.07690424040806683
NFP_201210_REL_20121102,2012-11-02,confirmation,0.43525074132043606,0.5270025011525541,0.380021829275511,63.5128838585354,21.06495016347412,14.861855942812628,0.08740486658411921,0.011250679406364763,0.0864365295557174,0.027396264480636916,0.1792791312940186,0.15188286681338167,0,0,0,1,1,STOP_ABSTAIN,wide_ci_and_review_evsi_below_cost,0.023335410199742394,0.07661971830985916,0.10797407592948692,0.028169014084507043,0.0625481039249143,20271243,0.11740664774511796
NFP_201211_REL_20121207,2012-12-07,confirmation,0.44645546878750314,0.5333230367528273,0.37585846881239915,63.5128838585354,21.06495016347412,14.861855942812628,0.09000824571774299,0.010993352861177733,0.0890197644514353,0.025930766577785817,0.186033492902973,0.16010272632518718,0,0,0,0,1,STOP_ABSTAIN,wide_ci_and_review_evsi_below_cost,0.023335410199742394,0.07661971830985916,0.10798505418970632,0.028169014084507043,0.06116005902630642,20271260,0.11916524479828153
NFP_201212_REL_20130104,2013-01-04,confirmation,0.4461657261470315,0.5308802557324027,0.3742642662883108,63.5128838585354,21.06495016347412,14.861855942812628,0.0891038790349457,0.011456150965488543,0.08808498382804018,0.026763073783767705,0.18762546595365634,0.16086239216988862,0,0,0,0,1,STOP_ABSTAIN,wide_ci_and_review_evsi_below_cost,0.023335410199742394,0.07661971830985916,0.10830556026810487,0.028169014084507043,0.06184561566507477,20271277,0.1194380310866581
NFP_201301_REL_20130201,2013-02-01,confirmation,0.4454512339877227,0.5264655511603069,0.3833035840814365,63.5128838585354,21.06495016347412,14.861855942812628,0.09022551102227593,0.010980400565120218,0.08924944874383932,0.027028570890448005,0.18787007905930597,0.16084150816885798,0,0,0,0,1,STOP_ABSTAIN,wide_ci_and_review_evsi_below_cost,0.023335410199742394,0.07661971830985916,0.10772356234041633,0.028169014084507043,0.06332513734682357,20271294,0.11929811778234602
NFP_201302_REL_20130308,2013-03-08,confirmation,0.4183894501515406,0.5245698544704385,0.3914898148993083,63.5128838585354,21.06495016347412,14.861855942812628,0.08634906301933482,0.010964160022927697,0.08539396128037141,0.026347031395309597,0.16951305190401292,0.1431660205087033,0,1,1,0,1,STOP_ABSTAIN,wide_ci_and_review_evsi_below_cost,0.023335410199742394,0.07661971830985916,0.1062773271854675,0.028169014084507043,0.06267673883963086,20271311,0.11464657247289457
NFP_201303_REL_20130405,2013-04-05,confirmation,0.2543844095710033,0.49852559047949174,0.42537708803307844,63.5128838585354,21.06495016347412,14.861855942812628,0.054035973082695206,0.011286488382702825,0.05342496268733021,0.01250534584065988,0.12459459896257045,0.11208925312191058,0,0,0,0,1,STOP_ABSTAIN,next_review_evsi_below_cost,0.023335410199742394,0.07661971830985916,0.061763991672521786,0.028169014084507043,0.06271466773528041,20271328,0.07499368543907983
NFP_201304_REL_20130503,2013-05-03,confirmation,0.4420005123343989,0.526552836022767,0.37965912754624176,63.5128838585354,21.06495016347412,14.861855942812628,0.08882112528308397,0.011023773643451243,0.08784320343858722,0.02545410731201967,0.18511446671177423,0.15966035939975456,0,1,1,0,1,STOP_ABSTAIN,wide_ci_and_review_evsi_below_cost,0.023335410199742394,0.07661971830985916,0.10790693770853309,0.028169014084507043,0.06236672459133934,20271345,0.11856944800661749
NFP_201305_REL_20130607,2013-06-07,confirmation,0.4460979446921349,0.5294729461864962,0.37768710453594806,63.5128838585354,21.06495016347412,14.861855942812628,0.08931253464945273,0.010928506268507214,0.08832283844068746,0.02502553803207164,0.18634237948606683,0.1613168414539952,1,1,1,1,1,STOP_ABSTAIN,wide_ci_and_review_evsi_below_cost,0.023335410199742394,0.07661971830985916,0.10744179431950004,0.028169014084507043,0.0620896825384109,20271362,0.11923956463343478
NFP_201306_REL_20130705,2013-07-05,confirmation,0.44041008998589865,0.5262617717848659,0.37927763061892716,63.5128838585354,21.06495016347412,14.861855942812628,0.0884172383887172,0.011286192427672944,0.08741877203400741,0.02605925320343498,0.1805567630703933,0.15449750986695832,1,1,1,1,1,STOP_ABSTAIN,wide_ci_and_review_evsi_below_cost,0.023335410199742394,0.07661971830985916,0.108493601201514,0.028169014084507043,0.06245658275636788,20271379,0.11826116962455822
NFP_201307_REL_20130802,2013-08-02,confirmation,0.4566448208554551,0.527014687808528,0.37323475426160196,63.5128838585354,21.06495016347412,14.861855942812628,0.08991645945938825,0.01122816260653276,0.08889277955748585,0.025302757596316255,0.1875755596649494,0.16227280206863315,0,0,1,0,1,STOP_ABSTAIN,wide_ci_and_review_evsi_below_cost,0.023335410199742394,0.07661971830985916,0.10923072212675897,0.028169014084507043,0.06196568306082635,20271396,0.12087627024414205
NFP_201308_REL_20130906,2013-09-06,confirmation,0.4520769954391478,0.5290719672850356,0.37522254393795834,63.5128838585354,21.06495016347412,14.861855942812628,0.09020114114034292,0.0113961101647495,0.08917005446350863,0.02484046062306778,0.1920039182995728,0.16716345767650503,0,0,1,0,1,STOP_ABSTAIN,wide_ci_and_review_evsi_below_cost,0.023335410199742394,0.07661971830985916,0.10642747173375422,0.028169014084507043,0.061698300584028615,20271413,0.12030872951740662
NFP_201309_REL_20131022,2013-10-22,confirmation,0.2665797518495189,0.4987794317343005,0.4275923908891163,63.5128838585354,21.06495016347412,14.861855942812628,0.056723585773637154,0.01119410924636783,0.056077673845039956,0.012587384679633608,0.13228666922126808,0.11969928454163448,0,0,0,1,1,STOP_ABSTAIN,wide_ci_and_review_evsi_below_cost,0.023335410199742394,0.07661971830985916,0.06231432971083549,0.028169014084507043,0.06276131462328269,20271430,0.07630324351479192
NFP_201310_REL_20131108,2013-11-08,confirmation,0.4390927110659087,0.5248539009773739,0.3832631712290393,63.5128838585354,21.06495016347412,14.861855942812628,0.08854208568740173,0.011295835995717408,0.08754451336797445,0.02690596431905676,0.1827543493432511,0.15584838502419435,1,1,1,1,1,STOP_ABSTAIN,wide_ci_and_review_evsi_below_cost,0.023335410199742394,0.07661971830985916,0.10715879783634681,0.028169014084507043,0.06236664346463133,20271447,0.11814522628059292
NFP_201311_REL_20131206,2013-12-06,confirmation,0.44019333905450664,0.525879927951597,0.3830981555183614,63.5128838585354,21.06495016347412,14.861855942812628,0.08868167047686609,0.011192120442309163,0.0876706162102019,0.026444358289864897,0.18377037488583745,0.15732601659597256,0,0,0,0,1,STOP_ABSTAIN,wide_ci_and_review_evsi_below_cost,0.023335410199742394,0.07661971830985916,0.10803711897056834,0.028169014084507043,0.06253669803903672,20271464,0.1181893496536635
NFP_201312_REL_20140110,2014-01-10,confirmation,0.24146584103503152,0.49128520193576025,0.43836380797876034,63.5128838585354,21.06495016347412,14.861855942812628,0.05268474813184662,0.011612040016594705,0.05207482311906728,0.012036974598651617,0.12386379525462039,0.11182682065596877,0,1,0,1,1,STOP_ABSTAIN,next_review_evsi_below_cost,0.023335410199742394,0.07661971830985916,0.060730154263287775,0.028169014084507043,0.06195502669095282,20271481,0.0729158615920508
NFP_201401_REL_20140207,2014-02-07,confirmation,0.2512340035536442,0.490285716806659,0.4312794451262714,63.5128838585354,21.06495016347412,14.861855942812628,0.05369690426102397,0.011101059675915771,0.05309880991963004,0.01160037996558322,0.12668545151511906,0.11508507154953584,0,1,0,0,1,STOP_ABSTAIN,next_review_evsi_below_cost,0.023335410199742394,0.07661971830985916,0.06202096928058683,0.028169014084507043,0.06148433291907165,20271498,0.07435660802138522
NFP_201402_REL_20140307,2014-03-07,confirmation,0.4490132803718573,0.5297915998194124,0.3789245580336013,63.5128838585354,21.06495016347412,14.861855942812628,0.09080782427887624,0.011275757005788915,0.08978666349522971,0.02497184121833576,0.1950959551772952,0.17012411395895943,0,0,1,0,1,STOP_ABSTAIN,wide_ci_and_review_evsi_below_cost,0.023335410199742394,0.07661971830985916,0.10832447346961055,0.028169014084507043,0.06233703792478965,20271515,0.12030904653949198
NFP_201403_REL_20140404,2014-04-04,confirmation,0.4444696006766211,0.522587834433189,0.38263476816212216,63.5128838585354,21.06495016347412,14.861855942812628,0.08924641748260567,0.011157548452206971,0.08825779289192327,0.026835578824295377,0.1831419069536248,0.15630632812932943,0,0,1,1,1,STOP_ABSTAIN,wide_ci_and_review_evsi_below_cost,0.023335410199742394,0.07661971830985916,0.10810053920022748,0.028169014084507043,0.061967904853081464,20271532,0.11867083961034594
NFP_201404_REL_20140502,2014-05-02,confirmation,0.4024067396130656,0.5174866448974473,0.4070418064025896,63.5128838585354,21.06495016347412,14.861855942812628,0.0850364804605091,0.011196783772078842,0.08409970357071872,0.026292736191364855,0.17415058293420077,0.14785784674283592,0,0,0,0,1,STOP_ABSTAIN,wide_ci_and_review_evsi_below_cost,0.023335410199742394,0.07661971830985916,0.10505929453547735,0.028169014084507043,0.06236419975251828,20271549,0.11145598416461869
NFP_201405_REL_20140606,2014-06-06,confirmation,0.43165821637773083,0.5244208224939371,0.38558058832269504,63.5128838585354,21.06495016347412,14.861855942812628,0.08752682538856746,0.011099021605275063,0.08655480480833823,0.026673216233106697,0.17863684479469585,0.15196362856158915,0,0,0,0,1,STOP_ABSTAIN,wide_ci_and_review_evsi_below_cost,0.023335410199742394,0.07661971830985916,0.10766091007208076,0.028169014084507043,0.061374083981885603,20271566,0.11660465242577651
NFP_201406_REL_20140703,2014-07-03,confirmation,0.3993106891224479,0.519548682169303,0.4043836677304714,63.5128838585354,21.06495016347412,14.861855942812628,0.08385743148275339,0.011500143059565529,0.08288516850398148,0.02563649678404884,0.166017251420821,0.14038075463677216,0,1,0,0,1,STOP_ABSTAIN,wide_ci_and_review_evsi_below_cost,0.023335410199742394,0.07661971830985916,0.10680290642911444,0.028169014084507043,0.06199555057265457,20271583,0.11173715106887286
NFP_201407_REL_20140801,2014-08-01,confirmation,0.4378154016498387,0.5275450639017223,0.3829596371608708,63.5128838585354,21.06495016347412,14.861855942812628,0.0884352456298389,0.011451392313717338,0.08742173069878023,0.025821812493366902,0.18275025776211226,0.15692844526874536,0,0,1,0,1,STOP_ABSTAIN,wide_ci_and_review_evsi_below_cost,0.023335410199742394,0.07661971830985916,0.10860735329884755,0.028169014084507043,0.0619069062914921,20271600,0.1181830263529221
NFP_201408_REL_20140905,2014-09-05,confirmation,0.2432753088985026,0.49743492363568703,0.4416872780400063,63.5128838585354,21.06495016347412,14.861855942812628,0.053475651841506,0.011100613362359405,0.052877536603329445,0.012426191918892417,0.12011548244702233,0.10768929052812992,0,0,0,0,1,STOP_ABSTAIN,next_review_evsi_below_cost,0.023335410199742394,0.07661971830985916,0.05985693066886295,0.028169014084507043,0.06180061184556673,20271617,0.07328723664624627
NFP_201409_REL_20141003,2014-10-03,confirmation,0.42963269989566866,0.5256050393839216,0.39295405677752965,63.5128838585354,21.06495016347412,14.861855942812628,0.08946392087214049,0.01111129072061622,0.08846211234193806,0.02615320067077985,0.1825865560272688,0.15643335535648895,0,1,0,1,1,STOP_ABSTAIN,wide_ci_and_review_evsi_below_cost,0.023335410199742394,0.07661971830985916,0.10799087126591596,0.028169014084507043,0.06204807032514873,20271634,0.11574305295886964
NFP_201410_REL_20141107,2014-11-07,confirmation,0.4449131414350942,0.5320490337348619,0.3801611051916303,63.5128838585354,21.06495016347412,14.861855942812628,0.08984077433691479,0.011569456715786396,0.08878634670021013,0.02633436038737166,0.18801035047590672,0.16167599008853506,0,0,1,1,1,STOP_ABSTAIN,wide_ci_and_review_evsi_below_cost,0.023335410199742394,0.07661971830985916,0.10953918819565897,0.028169014084507043,0.06228430422994234,20271651,0.11976349567460982
NFP_201411_REL_20141205,2014-12-05,confirmation,0.39805751379779486,0.5201389969559261,0.4088947066117939,63.5128838585354,21.06495016347412,14.861855942812628,0.08509841295396257,0.01092128310059221,0.0841681661766128,0.026351203484418065,0.17200477463848227,0.1456535711540642,1,1,1,1,1,STOP_ABSTAIN,wide_ci_and_review_evsi_below_cost,0.023335410199742394,0.07661971830985916,0.10664995803612984,0.028169014084507043,0.062283597028351276,20271668,0.11066185303838422
NFP_201412_REL_20150109,2015-01-09,confirmation,0.4300480321561719,0.5216220466941948,0.3858065911180851,63.5128838585354,21.06495016347412,14.861855942812628,0.08687262399442243,0.011196671992317195,0.0859066547576956,0.025320219177230138,0.1761799545547414,0.15085973537751124,0,0,0,0,1,STOP_ABSTAIN,wide_ci_and_review_evsi_below_cost,0.023335410199742394,0.07661971830985916,0.1081049649486341,0.028169014084507043,0.06261231539099456,20271685,0.11621792375809509
NFP_201501_REL_20150206,2015-02-06,confirmation,0.4271417133580161,0.5254374366674383,0.38587008685550184,63.5128838585354,21.06495016347412,14.861855942812628,0.08643672593284094,0.011141909353326845,0.08545990713761178,0.026455351622426963,0.17561820730646424,0.14916285568403728,1,1,1,1,1,STOP_ABSTAIN,wide_ci_and_review_evsi_below_cost,0.023335410199742394,0.07661971830985916,0.10868819380421724,0.028169014084507043,0.0618961673349434,20271702,0.11596793263834346
NFP_201502_REL_20150306,2015-03-06,confirmation,0.414316165766936,0.5236565791157991,0.3991969409913666,63.5128838585354,21.06495016347412,14.861855942812628,0.08709472567060456,0.011231461998411447,0.08611638810140275,0.02656846502356784,0.17697757859063318,0.15040911356706532,1,1,1,1,1,STOP_ABSTAIN,wide_ci_and_review_evsi_below_cost,0.023335410199742394,0.07661971830985916,0.10753032322054931,0.028169014084507043,0.062110967333604196,20271719,0.11376231981982109
NFP_201504_REL_20150508,2015-05-08,confirmation,0.25342500932980305,0.49647788185699654,0.43157293146419773,63.5128838585354,21.06495016347412,14.861855942812628,0.054526015673438025,0.01130192269001041,0.05391209543758554,0.012242679288712338,0.1250626865334454,0.11282000724473307,0,1,0,0,1,STOP_ABSTAIN,wide_ci_and_review_evsi_below_cost,0.023335410199742394,0.07661971830985916,0.06212974871805058,0.028169014084507043,0.06295180422102124,20271736,0.07454660193447232
NFP_201505_REL_20150605,2015-06-05,confirmation,0.42083922202832685,0.5239486439155876,0.394227926723724,63.5128838585354,21.06495016347412,14.861855942812628,0.08749440930659834,0.011406374115981735,0.0865120380542031,0.02497443761128022,0.1804655115294899,0.15549107391820968,0,1,0,0,1,STOP_ABSTAIN,wide_ci_and_review_evsi_below_cost,0.023335410199742394,0.07661971830985916,0.10753982682616396,0.028169014084507043,0.06274786373503351,20271753,0.11440507072407277
NFP_201506_REL_20150702,2015-07-02,confirmation,0.2447346666263519,0.49374137744761576,0.4441337758599256,63.5128838585354,21.06495016347412,14.861855942812628,0.05408980377665125,0.011162146041506808,0.053478100546267233,0.012331217913805917,0.12565549898919254,0.11332428107538663,0,1,1,0,1,STOP_ABSTAIN,wide_ci_and_review_evsi_below_cost,0.023335410199742394,0.07661971830985916,0.059999730560978244,0.028169014084507043,0.06210938193791041,20271770,0.07312590524093521
NFP_201507_REL_20150807,2015-08-07,confirmation,0.250514051106278,0.49131348736850317,0.43324012583462923,63.5128838585354,21.06495016347412,14.861855942812628,0.05351378267944418,0.011418033799286378,0.05290308782135865,0.011801134343548616,0.12428570951248874,0.11248457516894013,0,0,0,0,1,STOP_ABSTAIN,wide_ci_and_review_evsi_below_cost,0.023335410199742394,0.07661971830985916,0.061334909173618765,0.028169014084507043,0.06292291715573789,20271787,0.07391934496673093
NFP_201508_REL_20150904,2015-09-04,confirmation,0.22041001812711922,0.4838718823398152,0.4566937735445458,63.5128838585354,21.06495016347412,14.861855942812628,0.04926964614277945,0.011009504602564368,0.04872940471150177,0.010495588142307437,0.11587426934678594,0.10537868120447849,0,0,0,0,2,STOP_REJECT,next_review_evsi_below_cost,0.023335410199742394,0.07661971830985916,0.05774326220035947,0.028169014084507043,0.06206413191685853,20271804,0.06942042563036932
NFP_201509_REL_20151002,2015-10-02,confirmation,0.20658855468943438,0.4832848689249544,0.47036305139238005,63.5128838585354,21.06495016347412,14.861855942812628,0.047174474601083226,0.011374152496054904,0.04665034246226253,0.009409155998973302,0.1097115974160326,0.1003024414170593,1,1,1,1,2,STOP_REJECT,ci_upper_below_break_even,0.023335410199742394,0.07661971830985916,0.05700197042629013,0.028169014084507043,0.0619033749431463,20271821,0.06718611007061483
NFP_201510_REL_20151106,2015-11-06,confirmation,0.4003535692176036,0.5249439770766153,0.4009344331976304,63.5128838585354,21.06495016347412,14.861855942812628,0.08474527936853679,0.01133326273134071,0.0837817727943156,0.026189547577290077,0.17424473839823915,0.14805519082094906,1,1,1,1,1,STOP_ABSTAIN,wide_ci_and_review_evsi_below_cost,0.023335410199742394,0.07661971830985916,0.10580225269544859,0.028169014084507043,0.0629614267135218,20271838,0.11173342604461023
NFP_201511_REL_20151204,2015-12-04,confirmation,0.24335576533459083,0.48798180457277934,0.4420980009568144,63.5128838585354,21.06495016347412,14.861855942812628,0.053122518555549614,0.011232965066704449,0.052533431981954745,0.011784455919976218,0.12536045521852945,0.11357599929855323,0,0,0,0,1,STOP_ABSTAIN,wide_ci_and_review_evsi_below_cost,0.023335410199742394,0.07661971830985916,0.06086848676344277,0.028169014084507043,0.06172516275769404,20271855,0.07302629041431655
NFP_201512_REL_20160108,2016-01-08,confirmation,0.3832950520158072,0.5125946296143042,0.4100777422181816,63.5128838585354,21.06495016347412,14.861855942812628,0.080985737748756,0.011731208144386725,0.08003924954722746,0.0221421126011472,0.1712877985097784,0.1491456859086312,0,0,0,0,1,STOP_ABSTAIN,wide_ci_and_review_evsi_below_cost,0.023335410199742394,0.07661971830985916,0.10445476421345247,0.028169014084507043,0.06231308526144222,20271872,0.10851756439299223
NFP_201601_REL_20160205,2016-02-05,confirmation,0.21166752189814805,0.4849055224933499,0.46076842063857004,63.5128838585354,21.06495016347412,14.861855942812628,0.04730545201470224,0.011157005856999188,0.04677661621813237,0.010208484328205102,0.11201432798087554,0.10180584365267044,0,0,1,0,2,STOP_REJECT,next_review_evsi_below_cost,0.023335410199742394,0.07661971830985916,0.058534017099745955,0.028169014084507043,0.062265607725978056,20271889,0.068400782567156
NFP_201602_REL_20160304,2016-03-04,confirmation,0.42554282327387455,0.527856702884696,0.3894780882745671,63.5128838585354,21.06495016347412,14.861855942812628,0.08780621032507775,0.011227889149842737,0.08682339117444296,0.025159136053391862,0.1828642406693163,0.15770510461592444,0,0,1,0,1,STOP_ABSTAIN,wide_ci_and_review_evsi_below_cost,0.023335410199742394,0.07661971830985916,0.10706639384186827,0.028169014084507043,0.062202308463740745,20271906,0.11562892174716105
NFP_201603_REL_20160401,2016-04-01,confirmation,0.2661198114073952,0.4980269463522301,0.4265070207970931,63.5128838585354,21.06495016347412,14.861855942812628,0.057293229117813295,0.011375195366241677,0.05664705229614432,0.011339173510005419,0.13819991083643124,0.12686073732642583,0,0,0,0,1,STOP_ABSTAIN,wide_ci_and_review_evsi_below_cost,0.023335410199742394,0.07661971830985916,0.06372513915869382,0.028169014084507043,0.06199839578606164,20271923,0.07632908555633722
NFP_201604_REL_20160506,2016-05-06,confirmation,0.21693039235196643,0.48358455742918327,0.4574295296808693,63.5128838585354,21.06495016347412,14.861855942812628,0.04786233804914035,0.011305193559306969,0.04732634368146384,0.010084618319734149,0.10784890611922664,0.09776428779949249,0,0,0,0,2,STOP_REJECT,next_review_evsi_below_cost,0.023335410199742394,0.07661971830985916,0.05810604562788298,0.028169014084507043,0.062373454348742995,20271940,0.06919146330524806
NFP_201605_REL_20160603,2016-06-03,confirmation,0.17668702390821084,0.4682898446053747,0.49836916630018663,63.5128838585354,21.06495016347412,14.861855942812628,0.04154888453702009,0.011237428484357707,0.04108764074928131,0.005012138093429224,0.11603699900761512,0.1110248609141859,1,1,1,1,2,STOP_REJECT,ci_upper_below_break_even,0.023335410199742394,0.07661971830985916,0.056606237582707476,0.028169014084507043,0.06299081661708561,20271957,0.06166243471564454
NFP_201606_REL_20160708,2016-07-08,confirmation,0.3761127018401858,0.5148561340768587,0.4168612654793336,63.5128838585354,21.06495016347412,14.861855942812628,0.08138723396192524,0.011021891092060834,0.08050024061892956,0.021905712500048555,0.17443403586640469,0.15252832336635613,0,0,0,0,1,STOP_ABSTAIN,wide_ci_and_review_evsi_below_cost,0.023335410199742394,0.07661971830985916,0.10400699511509964,0.028169014084507043,0.06257983611154129,20271974,0.10752829297278038
NFP_201607_REL_20160805,2016-08-05,confirmation,0.40418569338482846,0.5213930315982436,0.4025703520789658,63.5128838585354,21.06495016347412,14.861855942812628,0.08505790076329948,0.01142136905484863,0.08406544323668327,0.02440338441655967,0.17339447011548342,0.14899108569892375,1,1,1,1,1,STOP_ABSTAIN,wide_ci_and_review_evsi_below_cost,0.023335410199742394,0.07661971830985916,0.1062909694570937,0.028169014084507043,0.06229951173357542,20271991,0.11201702629630907
NFP_201608_REL_20160902,2016-09-02,confirmation,0.2179314342037203,0.4878079123145316,0.4597397301175224,63.5128838585354,21.06495016347412,14.861855942812628,0.04909726209384377,0.011443068142851696,0.04853132071583612,0.010573899599646932,0.11793832587955098,0.10736442627990406,0,0,0,1,2,STOP_REJECT,next_review_evsi_below_cost,0.023335410199742394,0.07661971830985916,0.0594215696346983,0.028169014084507043,0.06235588442389956,20272008,0.0691032395925128
NFP_201609_REL_20161007,2016-10-07,confirmation,0.22132032545209196,0.4842727855448783,0.4570285691489968,63.5128838585354,21.06495016347412,14.861855942812628,0.049394757089829114,0.011015712514434527,0.048852122926906015,0.010416870483216385,0.11827748844212428,0.10786061795890789,0,1,0,0,2,STOP_REJECT,next_review_evsi_below_cost,0.023335410199742394,0.07661971830985916,0.058958491758718166,0.028169014084507043,0.06328141236964711,20272025,0.06952236923446688
NFP_201610_REL_20161104,2016-11-04,confirmation,0.22413120835755368,0.4879823155132559,0.4571217521605337,63.5128838585354,21.06495016347412,14.861855942812628,0.05007877080702771,0.011189918099018316,0.04952531573158338,0.010977664840767311,0.11614959979239087,0.10517193495162355,0,0,0,0,2,STOP_REJECT,next_review_evsi_below_cost,0.023335410199742394,0.07661971830985916,0.05942320226510097,0.028169014084507043,0.06164130243766009,20272042,0.07004550564459144
NFP_201611_REL_20161202,2016-12-02,confirmation,0.26189034430656954,0.4964032992639296,0.42526345149097666,63.5128838585354,21.06495016347412,14.861855942812628,0.05558844026393031,0.011321806528158496,0.05496242197852705,0.011166068921668998,0.13002390563718652,0.11885783671551753,0,1,0,0,1,STOP_ABSTAIN,wide_ci_and_review_evsi_below_cost,0.023335410199742394,0.07661971830985916,0.06367911089341122,0.028169014084507043,0.0628396217018357,20272059,0.07563625133942758
NFP_201612_REL_20170106,2017-01-06,confirmation,0.2563640773638189,0.49590987197942016,0.42712754563276495,63.5128838585354,21.06495016347412,14.861855942812628,0.05475512438459409,0.011081396993947135,0.054140672877019076,0.011321704080752847,0.1311485809211175,0.11982687684036465,0,0,1,0,1,STOP_ABSTAIN,wide_ci_and_review_evsi_below_cost,0.023335410199742394,0.07661971830985916,0.06215162581965648,0.028169014084507043,0.061651391367628885,20272076,0.07474777128798551
NFP_201701_REL_20170203,2017-02-03,confirmation,0.38532065960441153,0.5142772844684476,0.4125988883645625,63.5128838585354,21.06495016347412,14.861855942812628,0.08234095215813254,0.0117111310133206,0.08137083926528556,0.021676260068914436,0.17710346172826189,0.15542720165934745,0,0,0,0,1,STOP_ABSTAIN,wide_ci_and_review_evsi_below_cost,0.023335410199742394,0.07661971830985916,0.10472959471492897,0.028169014084507043,0.06307728636961059,20272093,0.10839084562246162
NFP_201702_REL_20170310,2017-03-10,confirmation,0.38000179776287096,0.5183848151412404,0.411424800407864,63.5128838585354,21.06495016347412,14.861855942812628,0.08084032584388044,0.011066899873577483,0.0799557001320098,0.023192171582690525,0.17150041258358492,0.1483082410008944,0,0,0,0,1,STOP_ABSTAIN,wide_ci_and_review_evsi_below_cost,0.023335410199742394,0.07661971830985916,0.10478032627248601,0.028169014084507043,0.06275901428985883,20272110,0.10827085466660144
NFP_201703_REL_20170407,2017-04-07,confirmation,0.21234322455801585,0.47944509741907587,0.46767445741392577,63.5128838585354,21.06495016347412,14.861855942812628,0.04803469432240873,0.011025705337627218,0.04751113303520823,0.00946949246208875,0.11333120843477064,0.10386171597268189,0,0,1,0,2,STOP_REJECT,next_review_evsi_below_cost,0.023335410199742394,0.07661971830985916,0.05783562937210165,0.028169014084507043,0.06291083055430105,20272127,0.06798560777912754
NFP_201704_REL_20170505,2017-05-05,confirmation,0.39253266107900536,0.5177535351361041,0.40355589613974197,63.5128838585354,21.06495016347412,14.861855942812628,0.08249255334892998,0.011328912980725385,0.08157482397008914,0.023673966893500095,0.1747993193648473,0.1511253524713472,0,0,0,0,1,STOP_ABSTAIN,wide_ci_and_review_evsi_below_cost,0.023335410199742394,0.07661971830985916,0.10530945510710754,0.028169014084507043,0.06246515209352508,20272144,0.11035434526673933
NFP_201705_REL_20170602,2017-06-02,confirmation,0.2375682047671566,0.4909267619740061,0.4457193310970101,63.5128838585354,21.06495016347412,14.861855942812628,0.05213476049669127,0.011146888448459303,0.051547473097024295,0.011720174322724352,0.12429891228751491,0.11257873796479057,0,0,0,1,1,STOP_ABSTAIN,wide_ci_and_review_evsi_below_cost,0.023335410199742394,0.07661971830985916,0.0604818147962385,0.028169014084507043,0.06214617924202349,20272161,0.07211681307974903
NFP_201706_REL_20170707,2017-07-07,confirmation,0.3911991555406572,0.5169344717050306,0.3998654421977733,63.5128838585354,21.06495016347412,14.861855942812628,0.08151408614242903,0.011176434351661846,0.08061326026721681,0.021700113487739495,0.17349694567053917,0.15179683218279966,0,0,0,1,1,STOP_ABSTAIN,wide_ci_and_review_evsi_below_cost,0.023335410199742394,0.07661971830985916,0.10576926485364598,0.028169014084507043,0.06249823801744127,20272178,0.11006884392193644
NFP_201707_REL_20170804,2017-08-04,confirmation,0.40431450777246664,0.5198739639684905,0.3994040550168687,63.5128838585354,21.06495016347412,14.861855942812628,0.08435854140359847,0.010929228182500772,0.08343912529619062,0.024613428689111108,0.1791796899799825,0.15456626129087137,0,0,0,0,1,STOP_ABSTAIN,wide_ci_and_review_evsi_below_cost,0.023335410199742394,0.07661971830985916,0.10629955693531588,0.028169014084507043,0.06254804651298268,20272195,0.11214305405317518
NFP_201708_REL_20170901,2017-09-01,confirmation,0.25305958225521524,0.4941838116857841,0.42922025636325045,63.5128838585354,21.06495016347412,14.861855942812628,0.05346769626973448,0.011308608848228227,0.05285019488251517,0.011262159153242364,0.12461851042159124,0.11335635126834886,0,0,0,0,1,STOP_ABSTAIN,wide_ci_and_review_evsi_below_cost,0.023335410199742394,0.07661971830985916,0.06204141843780989,0.028169014084507043,0.06193977396543966,20272212,0.0746463081362936
NFP_201709_REL_20171006,2017-10-06,confirmation,0.17586537000301253,0.4686060214772469,0.49979142101290003,63.5128838585354,21.06495016347412,14.861855942812628,0.04145535936233762,0.011451548604628391,0.041002629381313264,0.0043745438064225345,0.11835249647287865,0.11397795266645612,0,0,0,0,2,STOP_REJECT,next_review_evsi_below_cost,0.023335410199742394,0.07661971830985916,0.05444063243806046,0.028169014084507043,0.06183027521497723,20272229,0.06099068808678882
NFP_201710_REL_20171103,2017-11-03,confirmation,0.3734460632407694,0.5108601384859629,0.4190489532055145,63.5128838585354,21.06495016347412,14.861855942812628,0.0799461194984952,0.011287458913703155,0.07904578702153582,0.02103580526979866,0.17394668129324975,0.1529108760234511,0,0,1,0,1,STOP_ABSTAIN,wide_ci_and_review_evsi_below_cost,0.023335410199742394,0.07661971830985916,0.10387717411306892,0.028169014084507043,0.062013198231970365,20272246,0.10609252078756884
NFP_201711_REL_20171208,2017-12-08,confirmation,0.41125657777881347,0.5224426880039084,0.39498436745100673,63.5128838585354,21.06495016347412,14.861855942812628,0.08544226719952323,0.011406186156572315,0.08445463293062169,0.023755911691204157,0.18228921400335257,0.1585333023121484,0,0,0,0,1,STOP_ABSTAIN,wide_ci_and_review_evsi_below_cost,0.023335410199742394,0.07661971830985916,0.10664999230427884,0.028169014084507043,0.06272437539590275,20272263,0.1136395408066922
NFP_201712_REL_20180105,2018-01-05,confirmation,0.22052325230591244,0.48517012707765916,0.45354002161309676,63.5128838585354,21.06495016347412,14.861855942812628,0.04829195685394592,0.011475751140851144,0.047731371415942615,0.010201759341279594,0.11220211065553663,0.10200035131425704,0,0,0,0,2,STOP_REJECT,next_review_evsi_below_cost,0.023335410199742394,0.07661971830985916,0.059238262616262104,0.028169014084507043,0.06334568407354682,20272280,0.06945981276785869
NFP_201801_REL_20180202,2018-02-02,confirmation,0.2588101431496524,0.4976704196031044,0.42941285053863754,63.5128838585354,21.06495016347412,14.861855942812628,0.055760323107280255,0.01117521800271409,0.055130052472799916,0.011530732219843558,0.1329397545292196,0.12140902230937604,0,0,0,1,1,STOP_ABSTAIN,wide_ci_and_review_evsi_below_cost,0.023335410199742394,0.07661971830985916,0.062213948825451997,0.028169014084507043,0.06241133072948832,20272297,0.07540631391489518
NFP_201802_REL_20180309,2018-03-09,confirmation,0.36249707675568527,0.5072029511297607,0.4263843608598441,63.5128838585354,21.06495016347412,14.861855942812628,0.07902651648135267,0.01145829815054389,0.07811824445784728,0.018318898128019845,0.17794049374922605,0.1596215956212062,0,0,1,0,1,STOP_ABSTAIN,wide_ci_and_review_evsi_below_cost,0.023335410199742394,0.07661971830985916,0.10324381745845217,0.028169014084507043,0.06250181757917318,20272314,0.1046292777184851
NFP_201803_REL_20180406,2018-04-06,confirmation,0.20620036876669418,0.48221982558577964,0.46664819045566697,63.5128838585354,21.06495016347412,14.861855942812628,0.0464375667582504,0.011440567753886934,0.045907903160928853,0.00852358272570439,0.11356319436082259,0.1050396116351182,0,1,1,0,2,STOP_REJECT,next_review_evsi_below_cost,0.023335410199742394,0.07661971830985916,0.057315650440202516,0.028169014084507043,0.06213912127696176,20272331,0.06662951124659992
NFP_201804_REL_20180504,2018-05-04,confirmation,0.23293378098345524,0.49099867366711053,0.4458275590997483,63.5128838585354,21.06495016347412,14.861855942812628,0.05097826331885331,0.011170956065951103,0.05041062645560378,0.010884471533830353,0.11708777572555246,0.10620330419172211,0,0,0,0,2,STOP_REJECT,next_review_evsi_below_cost,0.023335410199742394,0.07661971830985916,0.06120352682982799,0.028169014084507043,0.062311465415269614,20272348,0.07160743074033676
NFP_201805_REL_20180601,2018-06-01,confirmation,0.4086147691925146,0.5203518018960228,0.3994084830957802,63.5128838585354,21.06495016347412,14.861855942812628,0.08494242041991998,0.011292472278558039,0.08396227174416236,0.02481136432678618,0.18056914721086662,0.15575778288408043,0,1,0,0,1,STOP_ABSTAIN,wide_ci_and_review_evsi_below_cost,0.023335410199742394,0.07661971830985916,0.1058944716273259,0.028169014084507043,0.06156044663001149,20272365,0.1127453788865997
NFP_201806_REL_20180706,2018-07-06,confirmation,0.4445515734346097,0.5243246628788857,0.3777201479130322,63.5128838585354,21.06495016347412,14.861855942812628,0.08812953880801408,0.011225097476069076,0.0871408692551581,0.0232758408384526,0.19269119685107092,0.1694153560126183,0,0,0,0,1,STOP_ABSTAIN,wide_ci_and_review_evsi_below_cost,0.023335410199742394,0.07661971830985916,0.10944069734279996,0.028169014084507043,0.06219658743570804,20272382,0.11891633612288925
NFP_201807_REL_20180803,2018-08-03,confirmation,0.23058386810731746,0.4873523858363643,0.4489351167750847,63.5128838585354,21.06495016347412,14.861855942812628,0.0507763323640551,0.011195556300886913,0.05021137770932613,0.011038353924965117,0.12244689990984972,0.1114085459848846,0,0,1,0,2,STOP_REJECT,next_review_evsi_below_cost,0.023335410199742394,0.07661971830985916,0.059533156388206575,0.028169014084507043,0.06173112117877438,20272399,0.07090472885751489
NFP_201808_REL_20180907,2018-09-07,confirmation,0.43192496316214257,0.527723386794481,0.3877260460158292,63.5128838585354,21.06495016347412,14.861855942812628,0.08849864181379102,0.01095023211131446,0.08753412056615135,0.025100501913845556,0.1876995173520481,0.16259901543820254,0,1,1,0,1,STOP_ABSTAIN,wide_ci_and_review_evsi_below_cost,0.023335410199742394,0.07661971830985916,0.10756870896154153,0.028169014084507043,0.06275173949518682,20272416,0.11664990989497051
NFP_201809_REL_20181005,2018-10-05,confirmation,0.2193896605389881,0.4837419782226342,0.4542848160709949,63.5128838585354,21.06495016347412,14.861855942812628,0.04845032150581849,0.011123330251940547,0.047913772968766595,0.009360751661097485,0.1167719638732809,0.10741121221218342,0,0,1,0,2,STOP_REJECT,next_review_evsi_below_cost,0.023335410199742394,0.07661971830985916,0.05932691570939063,0.028169014084507043,0.06250741085499227,20272433,0.06924341776658863
NFP_201810_REL_20181102,2018-11-02,confirmation,0.40271075507680776,0.5152849415624184,0.40405422803463104,63.5128838585354,21.06495016347412,14.861855942812628,0.08422531730349433,0.011264544010341474,0.08326856836175361,0.02301618122785073,0.17819893933057537,0.15518275810272464,0,1,1,0,1,STOP_ABSTAIN,wide_ci_and_review_evsi_below_cost,0.023335410199742394,0.07661971830985916,0.10661295918860844,0.028169014084507043,0.06216276195936777,20272450,0.11155407871269157
NFP_201811_REL_20181207,2018-12-07,confirmation,0.2320085152596234,0.4876776569470025,0.44454256397428366,63.5128838585354,21.06495016347412,14.861855942812628,0.05076553447493626,0.011417760081809569,0.0501905617682297,0.010937565672470862,0.12503552186258493,0.11409795619011406,1,1,1,1,2,STOP_REJECT,next_review_evsi_below_cost,0.023335410199742394,0.07661971830985916,0.06017148509687768,0.028169014084507043,0.06263490980602299,20272467,0.07116065136221131
NFP_201812_REL_20190104,2019-01-04,confirmation,0.3568104150052238,0.5100253062515172,0.43573997568031536,63.5128838585354,21.06495016347412,14.861855942812628,0.07951990631551366,0.011135186368635612,0.07864473223862972,0.01729599836708547,0.1830373933737815,0.16574139500669602,0,1,0,1,1,STOP_ABSTAIN,wide_ci_and_review_evsi_below_cost,0.023335410199742394,0.07661971830985916,0.1019014559458149,0.028169014084507043,0.06228215746148262,20272484,0.10313175686484201
NFP_201901_REL_20190201,2019-02-01,confirmation,0.3645747755733996,0.5100087775442775,0.424568389185612,63.5128838585354,21.06495016347412,14.861855942812628,0.07970047525099125,0.01125157624629587,0.07879923907066609,0.01802621307001477,0.17714106521713685,0.15911485214712207,0,1,1,0,1,STOP_ABSTAIN,wide_ci_and_review_evsi_below_cost,0.023335410199742394,0.07661971830985916,0.10327580722548746,0.028169014084507043,0.06162758355538251,20272501,0.10555075286416639
NFP_201902_REL_20190308,2019-03-08,confirmation,0.18697234324496348,0.47453437461063147,0.4876163184791076,63.5128838585354,21.06495016347412,14.861855942812628,0.043542485738130014,0.011113469653572705,0.04304866735376897,0.0055147475327080985,0.11786362606849346,0.11234887853578536,0,0,0,1,2,STOP_REJECT,next_review_evsi_below_cost,0.023335410199742394,0.07661971830985916,0.05639588078253547,0.028169014084507043,0.062246534078292344,20272518,0.06285234964409069
NFP_201903_REL_20190405,2019-04-05,confirmation,0.442026481562036,0.5255266603753431,0.38334908997148726,63.5128838585354,21.06495016347412,14.861855942812628,0.08965718278473318,0.011381187443012626,0.0886300286343592,0.022901405918249115,0.19468427067245384,0.17178286475420473,0,0,0,0,1,STOP_ABSTAIN,wide_ci_and_review_evsi_below_cost,0.023335410199742394,0.07661971830985916,0.10841992163711735,0.028169014084507043,0.06217301601933779,20272535,0.1180654508606989
NFP_201904_REL_20190503,2019-05-03,confirmation,0.3934730564136453,0.5170568211259146,0.40916237337267103,63.5128838585354,21.06495016347412,14.861855942812628,0.08412282181841961,0.01108684206088398,0.08319731798398658,0.02135746547438789,0.18384145862488366,0.16248399315049578,0,0,0,0,1,STOP_ABSTAIN,wide_ci_and_review_evsi_below_cost,0.023335410199742394,0.07661971830985916,0.10660482658427212,0.028169014084507043,0.061647770306404746,20272552,0.11024282939474737
NFP_201905_REL_20190607,2019-06-07,confirmation,0.19960281660879844,0.4800401861359318,0.47820041204947217,63.5128838585354,21.06495016347412,14.861855942812628,0.046231940553425076,0.011423407524084805,0.04570082131560192,0.0071749096881481645,0.11790435542833162,0.11072944574018345,0,0,1,0,2,STOP_REJECT,next_review_evsi_below_cost,0.023335410199742394,0.07661971830985916,0.05684163487190941,0.028169014084507043,0.06236171614484408,20272569,0.06557119990591913
NFP_201906_REL_20190705,2019-07-05,confirmation,0.43082370401736425,0.5241706266382233,0.39239730113031807,63.5128838585354,21.06495016347412,14.861855942812628,0.08906221392105167,0.011131383878678201,0.08805345426280922,0.02370319204749616,0.19149815473925436,0.1677949626917582,1,1,1,1,1,STOP_ABSTAIN,wide_ci_and_review_evsi_below_cost,0.023335410199742394,0.07661971830985916,0.10699796333742108,0.028169014084507043,0.06366810288479335,20272586,0.11586413833280988
NFP_201907_REL_20190802,2019-08-02,confirmation,0.24341780207034863,0.49457809102282646,0.4434222491982541,63.5128838585354,21.06495016347412,14.861855942812628,0.053613645913885864,0.011265272762224658,0.053004107441671125,0.010762734815177394,0.12745286280493204,0.11669012798975464,0,0,0,0,1,STOP_ABSTAIN,wide_ci_and_review_evsi_below_cost,0.023335410199742394,0.07661971830985916,0.0616641108667191,0.028169014084507043,0.0626833465914952,20272603,0.07258883890495468
NFP_201908_REL_20190906,2019-09-06,confirmation,0.22201750221777172,0.49095814218625583,0.4577563566542191,63.5128838585354,21.06495016347412,14.861855942812628,0.05049756923780516,0.011292516443988264,0.04993579527242916,0.009729440501446415,0.12143863094169884,0.11170919044025242,0,0,0,0,2,STOP_REJECT,next_review_evsi_below_cost,0.023335410199742394,0.07661971830985916,0.05955518091131257,0.028169014084507043,0.06293660781320239,20272620,0.06953829886909488
NFP_201909_REL_20191004,2019-10-04,confirmation,0.23599992624081842,0.4909745877837635,0.4492469356558226,63.5128838585354,21.06495016347412,14.861855942812628,0.052322836817572695,0.011262444441765248,0.05173990205560239,0.010658329161149756,0.12433459834391127,0.11367626918276151,0,0,0,0,2,STOP_REJECT,next_review_evsi_below_cost,0.023335410199742394,0.07661971830985916,0.05954385330457294,0.028169014084507043,0.06258319441282788,20272637,0.07164500764599205
NFP_201910_REL_20191101,2019-11-01,confirmation,0.23073884344606427,0.4907337680532506,0.4482114035717242,63.5128838585354,21.06495016347412,14.861855942812628,0.05127361215038006,0.011402448232694266,0.05068215022898369,0.010704132324897735,0.12556153186757976,0.11485739954268202,0,0,0,0,2,STOP_REJECT,next_review_evsi_below_cost,0.023335410199742394,0.07661971830985916,0.05948770392122051,0.028169014084507043,0.06209195364873145,20272654,0.07089516507475854
NFP_201911_REL_20191206,2019-12-06,confirmation,0.3696568113123099,0.5126923075041309,0.4221499210127061,63.5128838585354,21.06495016347412,14.861855942812628,0.08038114784707333,0.011097105514127363,0.07948387565885065,0.019085158001802827,0.1801915919070586,0.16110643390525578,0,0,0,1,1,STOP_ABSTAIN,wide_ci_and_review_evsi_below_cost,0.023335410199742394,0.07661971830985916,0.10430363171352544,0.028169014084507043,0.06258234109765304,20272671,0.10586087747816594
NFP_201912_REL_20200110,2020-01-10,confirmation,0.24232140697076335,0.49543230061305965,0.4380324055912321,63.5128838585354,21.06495016347412,14.861855942812628,0.052614718969079634,0.011092215371814334,0.05201824096965925,0.010893515150160184,0.12508646856093086,0.11419295341077068,0,0,0,1,1,STOP_ABSTAIN,wide_ci_and_review_evsi_below_cost,0.023335410199742394,0.07661971830985916,0.059489897445557785,0.028169014084507043,0.062334313227506044,20272688,0.07252827557771169
NFP_202001_REL_20200207,2020-02-07,confirmation,0.39198916170580833,0.5140970877639478,0.4086853524762114,63.5128838585354,21.06495016347412,14.861855942812628,0.08285542192886683,0.011046374610592932,0.08193001594647564,0.021030862719641035,0.18326162309785035,0.16223076037820933,0,0,1,0,1,STOP_ABSTAIN,wide_ci_and_review_evsi_below_cost,0.023335410199742394,0.07661971830985916,0.10554238833988026,0.028169014084507043,0.06329260693346975,20272705,0.10942810593483389
NFP_202002_REL_20200306,2020-03-06,confirmation,0.3624791982231487,0.5069384428234205,0.43336145694029904,63.5128838585354,21.06495016347412,14.861855942812628,0.07949385631349369,0.01130143942507799,0.07858955888970845,0.017792312636514818,0.1824767465746334,0.16468443393811857,0,0,0,0,1,STOP_ABSTAIN,wide_ci_and_review_evsi_below_cost,0.023335410199742394,0.07661971830985916,0.10337127399552784,0.028169014084507043,0.06280531538023211,20272722,0.10483176983625968
NFP_202003_REL_20200403,2020-04-03,confirmation,0.1571640330781742,0.4589678487092358,0.5409008824402874,63.5128838585354,21.06495016347412,14.861855942812628,0.03883717189223225,0.010811885906504224,0.03840823310253628,0.0008970095862086304,0.1544046492810019,0.15350763969479325,0,0,0,0,2,STOP_REJECT,next_review_evsi_below_cost,0.023335410199742394,0.07661971830985916,0.05374090386277488,0.028169014084507043,0.06211982391756234,20272739,0.05188592887281864
NFP_202004_REL_20200508,2020-05-08,confirmation,0.1541114063459142,0.4484410783336517,0.5485305232192885,63.5128838585354,21.06495016347412,14.861855942812628,0.03879060623159013,0.011147509830341167,0.03834549060265144,0.0007821508309972369,0.15571366471248554,0.15493151388148832,0,0,0,0,2,STOP_REJECT,next_review_evsi_below_cost,0.023335410199742394,0.07661971830985916,0.05403139495564223,0.028169014084507043,0.06282476587188891,20272756,0.05188592887281864
NFP_202005_REL_20200605,2020-06-05,confirmation,0.39558571137601845,0.5169024911053491,0.4061194357610459,63.5128838585354,21.06495016347412,14.861855942812628,0.0835697038483805,0.011189036494206543,0.08263845243510443,0.021136704794351636,0.178218748765233,0.15708204397088135,0,0,0,0,1,STOP_ABSTAIN,wide_ci_and_review_evsi_below_cost,0.023335410199742394,0.07661971830985916,0.10631960850452726,0.028169014084507043,0.06289576896474611,20272773,0.11005562497022893
NFP_202006_REL_20200702,2020-07-02,confirmation,0.3594120622811714,0.5101952121063055,0.43254584536875107,63.5128838585354,21.06495016347412,14.861855942812628,0.07927956325083949,0.01134079811359142,0.07839018725853836,0.017384436711986986,0.1839243535438855,0.1665399168318985,0,0,1,0,1,STOP_ABSTAIN,wide_ci_and_review_evsi_below_cost,0.023335410199742394,0.07661971830985916,0.1028826323360618,0.028169014084507043,0.06318703946017896,20272790,0.10411244296492268
NFP_202007_REL_20200807,2020-08-07,confirmation,0.4117490268647565,0.5206855939528603,0.39900565378959435,63.5128838585354,21.06495016347412,14.861855942812628,0.08588684008831131,0.011198494361897364,0.08492669568485922,0.02265585402304931,0.1862059248959516,0.1635500708729023,1,1,1,1,1,STOP_ABSTAIN,wide_ci_and_review_evsi_below_cost,0.023335410199742394,0.07661971830985916,0.10678062077401253,0.028169014084507043,0.06191967680605435,20272807,0.11302263410698096
NFP_202008_REL_20200904,2020-09-04,confirmation,0.42141255198024735,0.5227276784603987,0.38887239132320545,63.5128838585354,21.06495016347412,14.861855942812628,0.08564915851148193,0.01138487650973839,0.08466323417823945,0.023373439523848905,0.18226444848099557,0.15889100895714667,0,0,0,0,1,STOP_ABSTAIN,wide_ci_and_review_evsi_below_cost,0.023335410199742394,0.07661971830985916,0.10642907434735747,0.028169014084507043,0.06276771995791279,20272824,0.11477527620424327
NFP_202009_REL_20201002,2020-10-02,confirmation,0.44190620604715836,0.5283639986620379,0.38128249663558894,63.5128838585354,21.06495016347412,14.861855942812628,0.08939568642196015,0.01140379545875396,0.08838228584732667,0.02184762337605344,0.19278784158882128,0.17094021821276784,0,0,0,0,1,STOP_ABSTAIN,wide_ci_and_review_evsi_below_cost,0.023335410199742394,0.07661971830985916,0.10810449749176942,0.028169014084507043,0.061948328194143046,20272841,0.1185487202259451
NFP_202010_REL_20201106,2020-11-06,confirmation,0.4430734912298761,0.5298704193775795,0.3777980801197807,63.5128838585354,21.06495016347412,14.861855942812628,0.0885453590064258,0.010961674424311323,0.08756721319259524,0.022810945216874306,0.1943761774611905,0.17156523224431622,0,1,1,0,1,STOP_ABSTAIN,wide_ci_and_review_evsi_below_cost,0.023335410199742394,0.07661971830985916,0.10682279165303984,0.028169014084507043,0.0624689561342959,20272858,0.1188114976850676
NFP_202011_REL_20201204,2020-12-04,confirmation,0.26835851493038104,0.500222128511103,0.4223722645638801,63.5128838585354,21.06495016347412,14.861855942812628,0.05701299514575708,0.011569055658277708,0.05635607453243784,0.010294782818958235,0.14277949402864518,0.13248471120968694,0,0,0,0,1,STOP_ABSTAIN,wide_ci_and_review_evsi_below_cost,0.023335410199742394,0.07661971830985916,0.06334321900453464,0.028169014084507043,0.06234452578855284,20272875,0.07620851745101541
NFP_202012_REL_20210108,2021-01-08,confirmation,0.25846439624379053,0.4978655012643006,0.4282710827980479,63.5128838585354,21.06495016347412,14.861855942812628,0.055327059217317454,0.011124067982997848,0.054716098097925985,0.01026764467229175,0.13454089170505193,0.12427324703276019,0,0,0,1,1,STOP_ABSTAIN,wide_ci_and_review_evsi_below_cost,0.023335410199742394,0.07661971830985916,0.0631581601913183,0.028169014084507043,0.0629666537730483,20272892,0.07478072474456487
NFP_202101_REL_20210205,2021-02-05,confirmation,0.2637872137492622,0.4953356171627409,0.41880023014115547,63.5128838585354,21.06495016347412,14.861855942812628,0.05478573934518021,0.011276830921347868,0.05416028844411323,0.010142838422400977,0.13384684097105065,0.12370400254864967,0,1,0,0,1,STOP_ABSTAIN,wide_ci_and_review_evsi_below_cost,0.023335410199742394,0.07661971830985916,0.06211620676761828,0.028169014084507043,0.06302447986879758,20272909,0.07545712889435688
NFP_202102_REL_20210305,2021-03-05,confirmation,0.27655966806287735,0.5016200838141279,0.42176124492683287,63.5128838585354,21.06495016347412,14.861855942812628,0.058747627556482614,0.011229963122222252,0.05809230295888937,0.010523623979289484,0.14414873818960738,0.1336251142103179,0,0,0,0,1,STOP_ABSTAIN,wide_ci_and_review_evsi_below_cost,0.023335410199742394,0.07661971830985916,0.06435608794746142,0.028169014084507043,0.062245151378898654,20272926,0.07675546345557067
NFP_202104_REL_20210507,2021-05-07,confirmation,0.26437573636867023,0.49818190873904655,0.42945655297931656,63.5128838585354,21.06495016347412,14.861855942812628,0.05663200753565554,0.01104899763353966,0.05600064510106638,0.009799976306597458,0.1367665891858836,0.12696661287928615,0,1,0,0,1,STOP_ABSTAIN,wide_ci_and_review_evsi_below_cost,0.023335410199742394,0.07661971830985916,0.0641940553575933,0.028169014084507043,0.06321424660667747,20272943,0.07554303948745814
NFP_202105_REL_20210604,2021-06-04,confirmation,0.271690582190515,0.5011462495321534,0.42564073867028884,63.5128838585354,21.06495016347412,14.861855942812628,0.058039048544597134,0.011378503832212662,0.05738356853453111,0.010516886572194288,0.14486766292853032,0.13435077635633602,0,1,0,1,1,STOP_ABSTAIN,wide_ci_and_review_evsi_below_cost,0.023335410199742394,0.07661971830985916,0.0652698972315752,0.028169014084507043,0.062221290933943435,20272960,0.07669709923525311
NFP_202106_REL_20210702,2021-07-02,confirmation,0.4454975134480463,0.5328728239144713,0.3819004430139328,63.5128838585354,21.06495016347412,14.861855942812628,0.09111835852326491,0.011394077572212216,0.09006572198822055,0.020971964311731386,0.19942076273040024,0.17844879841866884,0,0,0,0,1,STOP_ABSTAIN,wide_ci_and_review_evsi_below_cost,0.023335410199742394,0.07661971830985916,0.10931052093530047,0.028169014084507043,0.06223733587882103,20272977,0.1194840616807139
NFP_202107_REL_20210806,2021-08-06,confirmation,0.44839699495611773,0.5256367443280904,0.3827753652497713,63.5128838585354,21.06495016347412,14.861855942812628,0.09061114011534659,0.011499783130486219,0.08955920806130874,0.021877575958582744,0.20257179852204482,0.18069422256346207,0,0,0,1,1,STOP_ABSTAIN,wide_ci_and_review_evsi_below_cost,0.023335410199742394,0.07661971830985916,0.1082971327139263,0.028169014084507043,0.06284061009261759,20272994,0.11894861613495272
NFP_202108_REL_20210903,2021-09-03,confirmation,0.26758098366756766,0.49528266253970765,0.42776247490156594,63.5128838585354,21.06495016347412,14.861855942812628,0.056341840205742885,0.01102001989016272,0.055719681319024356,0.011032929897554382,0.13806644896061165,0.12703351906305727,0,0,0,1,1,STOP_ABSTAIN,wide_ci_and_review_evsi_below_cost,0.023335410199742394,0.07661971830985916,0.062492054768073076,0.028169014084507043,0.06381607984496897,20273011,0.07561844628568812
NFP_202109_REL_20211008,2021-10-08,confirmation,0.2657594643597463,0.5031532479281953,0.42722772333538445,63.5128838585354,21.06495016347412,14.861855942812628,0.057483322581953274,0.011619476756511411,0.056810718483309416,0.010434917061397072,0.14098976183822504,0.13055484477682797,0,0,0,0,1,STOP_ABSTAIN,wide_ci_and_review_evsi_below_cost,0.023335410199742394,0.07661971830985916,0.06326354531379658,0.028169014084507043,0.06292980753440537,20273028,0.07595606892782568
NFP_202110_REL_20211105,2021-11-05,confirmation,0.44877573179600166,0.5299741553191288,0.3831486312362357,63.5128838585354,21.06495016347412,14.861855942812628,0.0914414153200832,0.011230234820905296,0.09041848315258091,0.020654794638855847,0.20157060327783904,0.1809158086389832,0,0,1,1,1,STOP_ABSTAIN,wide_ci_and_review_evsi_below_cost,0.023335410199742394,0.07661971830985916,0.10904818194876986,0.028169014084507043,0.06297127381264866,20273045,0.11973854645440977
NFP_202111_REL_20211203,2021-12-03,confirmation,0.27128105071695857,0.49884785362941414,0.4206623761946117,63.5128838585354,21.06495016347412,14.861855942812628,0.05741018222891924,0.011120676117981997,0.056759758854054286,0.010033507761806797,0.14538196916481844,0.13534846140301163,0,0,1,1,1,STOP_ABSTAIN,wide_ci_and_review_evsi_below_cost,0.023335410199742394,0.07661971830985916,0.06366081623388092,0.028169014084507043,0.06309738601534727,20273062,0.07660613125765053
NFP_202112_REL_20220107,2022-01-07,confirmation,0.274135614424179,0.5004349523203725,0.42726563122891154,63.5128838585354,21.06495016347412,14.861855942812628,0.05884562731601308,0.011599354779560922,0.05815810397893261,0.010731389823040201,0.1478339700553296,0.1371025802322894,0,0,0,0,1,STOP_ABSTAIN,wide_ci_and_review_evsi_below_cost,0.023335410199742394,0.07661971830985916,0.06447001091059273,0.028169014084507043,0.06390910355613717,20273079,0.07656082009655509
NFP_202201_REL_20220204,2022-02-04,confirmation,0.4548601559642423,0.5303696854769555,0.38087807462452283,63.5128838585354,21.06495016347412,14.861855942812628,0.09228918504835847,0.01101830446477348,0.09128133976580463,0.021617433825581473,0.2079163116064697,0.18629887778088822,0,1,1,0,1,STOP_ABSTAIN,wide_ci_and_review_evsi_below_cost,0.023335410199742394,0.07661971830985916,0.10874174693781917,0.028169014084507043,0.062379934744908216,20273096,0.12012426049567128
NFP_202202_REL_20220304,2022-03-04,confirmation,0.45274917276318605,0.529515950770206,0.3820304070774705,63.5128838585354,21.06495016347412,14.861855942812628,0.09185205822494179,0.011175010918058252,0.0908331805895586,0.02153044623243666,0.2038533906546884,0.18232294442225175,0,0,1,1,1,STOP_ABSTAIN,wide_ci_and_review_evsi_below_cost,0.023335410199742394,0.07661971830985916,0.10919622139655777,0.028169014084507043,0.06296321152308132,20273113,0.11946437295077743
NFP_202203_REL_20220401,2022-04-01,confirmation,0.2740946694334673,0.4964458701905231,0.42866565070603563,63.5128838585354,21.06495016347412,14.861855942812628,0.05827994355816254,0.011057012323201748,0.057648470713634256,0.010416983019200805,0.14673033335207347,0.13631335033287267,0,0,1,0,1,STOP_ABSTAIN,wide_ci_and_review_evsi_below_cost,0.023335410199742394,0.07661971830985916,0.06470345386586805,0.028169014084507043,0.06301739184587292,20273130,0.07679143444130442
NFP_202204_REL_20220506,2022-05-06,confirmation,0.2768693860630249,0.49824847961599095,0.4181947352697006,63.5128838585354,21.06495016347412,14.861855942812628,0.05786051041756551,0.011081284598092019,0.05720673826454169,0.009845296356672549,0.14388650645431536,0.1340412100976428,0,0,0,0,1,STOP_ABSTAIN,wide_ci_and_review_evsi_below_cost,0.023335410199742394,0.07661971830985916,0.06543349998474045,0.028169014084507043,0.06314929578244774,20273147,0.07699069955556072
NFP_202205_REL_20220603,2022-06-03,confirmation,0.272046186258917,0.4973656229960029,0.4274354121502657,63.5128838585354,21.06495016347412,14.861855942812628,0.057749845036983515,0.011187904440588887,0.05710872710217954,0.010302047454884038,0.1417096023863115,0.13140755493142747,0,0,0,0,1,STOP_ABSTAIN,wide_ci_and_review_evsi_below_cost,0.023335410199742394,0.07661971830985916,0.0660643230832733,0.028169014084507043,0.06243438043521324,20273164,0.07682929174129037
NFP_202206_REL_20220708,2022-07-08,confirmation,0.2741204559329069,0.5013360105542924,0.423607483692028,63.5128838585354,21.06495016347412,14.861855942812628,0.05831516829839622,0.011286146371731353,0.05766486133798051,0.010202118559353228,0.14335492518372497,0.13315280662437173,0,0,0,0,1,STOP_ABSTAIN,wide_ci_and_review_evsi_below_cost,0.023335410199742394,0.07661971830985916,0.06384168433394914,0.028169014084507043,0.0626572501753955,20273181,0.07683561386963389
NFP_202207_REL_20220805,2022-08-05,confirmation,0.45066192147927053,0.5264517760353482,0.37866186518925166,63.5128838585354,21.06495016347412,14.861855942812628,0.08995116599674154,0.011140114881561978,0.08893527375743525,0.021170101691233192,0.20024684531231504,0.17907674362108184,1,1,1,1,1,STOP_ABSTAIN,wide_ci_and_review_evsi_below_cost,0.023335410199742394,0.07661971830985916,0.10936568033849588,0.028169014084507043,0.06240079388291159,20273198,0.12028063441249143
NFP_202208_REL_20220902,2022-09-02,confirmation,0.27319769695838386,0.4985467178254573,0.4263825569444891,63.5128838585354,21.06495016347412,14.861855942812628,0.05862787200423539,0.011063739168931238,0.057966342470155426,0.009909931461957911,0.1484823690147201,0.1385724375527622,1,1,1,1,1,STOP_ABSTAIN,wide_ci_and_review_evsi_below_cost,0.023335410199742394,0.07661971830985916,0.06382015408888331,0.028169014084507043,0.0633839316151812,20273215,0.07668279113446225
NFP_202209_REL_20221007,2022-10-07,confirmation,0.2686000473662534,0.49588538937987875,0.42568325668340423,63.5128838585354,21.06495016347412,14.861855942812628,0.056984374298516265,0.011433662480283541,0.05633140805988867,0.01005512524292403,0.14576778830405124,0.1357126630611272,0,0,0,1,1,STOP_ABSTAIN,wide_ci_and_review_evsi_below_cost,0.023335410199742394,0.07661971830985916,0.06367062011361102,0.028169014084507043,0.06300862776631683,20273232,0.07646883686865727
NFP_202210_REL_20221104,2022-11-04,confirmation,0.27209837029375955,0.49950695601351913,0.42087874799034214,63.5128838585354,21.06495016347412,14.861855942812628,0.05776636368170383,0.011401591784645324,0.05710159535509206,0.009586973115067543,0.14661585865565324,0.1370288855405857,0,0,0,1,1,STOP_ABSTAIN,wide_ci_and_review_evsi_below_cost,0.023335410199742394,0.07661971830985916,0.0638890410087002,0.028169014084507043,0.06279046406306128,20273249,0.07646069729374895
NFP_202211_REL_20221202,2022-12-02,confirmation,0.2752374532621013,0.4944010031272279,0.43196776631300127,63.5128838585354,21.06495016347412,14.861855942812628,0.05903023655368571,0.011286778423849899,0.058373810975036945,0.010466381663307394,0.149055434571242,0.1385890529079346,0,0,0,0,1,STOP_ABSTAIN,wide_ci_and_review_evsi_below_cost,0.023335410199742394,0.07661971830985916,0.06488620931589648,0.028169014084507043,0.062094714655491934,20273266,0.07658345006599748
NFP_202212_REL_20230106,2023-01-06,confirmation,0.2719389982710312,0.4997018951757203,0.4220341413227054,63.5128838585354,21.06495016347412,14.861855942812628,0.05789825633930659,0.01126113031245893,0.05723805285758875,0.009860287750504255,0.14337869487236435,0.13351840712186008,1,1,1,1,1,STOP_ABSTAIN,wide_ci_and_review_evsi_below_cost,0.023335410199742394,0.07661971830985916,0.06552761893350464,0.028169014084507043,0.06346878262822761,20273283,0.07641998806362997
NFP_202301_REL_20230203,2023-02-03,confirmation,0.4514196295780036,0.526087166315643,0.3776954988254662,63.5128838585354,21.06495016347412,14.861855942812628,0.09045106091198919,0.01140483900592048,0.08941491872192185,0.019997126896642927,0.20885146545357197,0.18885433855692904,1,1,1,1,1,STOP_ABSTAIN,wide_ci_and_review_evsi_below_cost,0.023335410199742394,0.07661971830985916,0.10784942857470937,0.028169014084507043,0.06336921240172698,20273300,0.1201761608436836
NFP_202302_REL_20230310,2023-03-10,confirmation,0.2721156470535458,0.5005151053814172,0.4226162720227321,63.5128838585354,21.06495016347412,14.861855942812628,0.05826328923281423,0.011031772586161108,0.057627979449245574,0.00993982375803547,0.1487307604055163,0.13879093664748082,1,1,1,1,1,STOP_ABSTAIN,wide_ci_and_review_evsi_below_cost,0.023335410199742394,0.07661971830985916,0.06348812058275607,0.028169014084507043,0.06273554983964541,20273317,0.07678299530460787
NFP_202304_REL_20230505,2023-05-05,confirmation,0.27328859542427075,0.4984863961847359,0.4191485657383166,63.5128838585354,21.06495016347412,14.861855942812628,0.057405873181545816,0.011200826396165165,0.056758560477846554,0.009679702619522182,0.14806902924890325,0.13838932662938108,0,0,0,1,1,STOP_ABSTAIN,wide_ci_and_review_evsi_below_cost,0.023335410199742394,0.07661971830985916,0.0647727572477526,0.028169014084507043,0.06267076927525785,20273334,0.07682502569979542
NFP_202305_REL_20230602,2023-06-02,confirmation,0.4556206490704893,0.5293813894044387,0.38019345135579224,63.5128838585354,21.06495016347412,14.861855942812628,0.09206976031778046,0.0113942258031826,0.09100185133391579,0.020569216870158866,0.21219080905128537,0.1916215921811265,0,1,0,1,1,STOP_ABSTAIN,wide_ci_and_review_evsi_below_cost,0.023335410199742394,0.07661971830985916,0.11027268796493743,0.028169014084507043,0.061672776927872555,20273351,0.1206986769639328
NFP_202306_REL_20230707,2023-07-07,confirmation,0.27424705130459304,0.49938332157359444,0.4187576532326126,63.5128838585354,21.06495016347412,14.861855942812628,0.05764374903955381,0.010833603521256287,0.05701186140839337,0.009315902408034298,0.145804645210791,0.13648874280275672,0,0,0,0,1,STOP_ABSTAIN,wide_ci_and_review_evsi_below_cost,0.023335410199742394,0.07661971830985916,0.06594134535684867,0.028169014084507043,0.06265672040627639,20273368,0.07674944354861328
NFP_202307_REL_20230804,2023-08-04,confirmation,0.27624022404966936,0.5015725931316258,0.4197348982031956,63.5128838585354,21.06495016347412,14.861855942812628,0.0582403880178082,0.011251519561718095,0.05759110150422887,0.009900586082409964,0.14617468688213078,0.13627410079972083,0,1,1,0,1,STOP_ABSTAIN,wide_ci_and_review_evsi_below_cost,0.023335410199742394,0.07661971830985916,0.06417994736878267,0.028169014084507043,0.06360185146100719,20273385,0.0767578039396141
NFP_202308_REL_20230901,2023-09-01,confirmation,0.27238647939298816,0.5017456692877741,0.42513864879871016,63.5128838585354,21.06495016347412,14.861855942812628,0.058264763818686824,0.011403587361064508,0.057608384425440654,0.01013961239224852,0.14564922401350977,0.13550961162126124,0,0,0,0,1,STOP_ABSTAIN,wide_ci_and_review_evsi_below_cost,0.023335410199742394,0.07661971830985916,0.06527133281618919,0.028169014084507043,0.06278024245943092,20273402,0.07676198916819739
NFP_202309_REL_20231006,2023-10-06,confirmation,0.45204709632260437,0.5287753678699768,0.3804923930018203,63.5128838585354,21.06495016347412,14.861855942812628,0.09175081039202759,0.011176107731781529,0.09073455350719167,0.019936815255514554,0.20744201234878137,0.18750519709326682,0,0,0,0,1,STOP_ABSTAIN,wide_ci_and_review_evsi_below_cost,0.023335410199742394,0.07661971830985916,0.10978469500990297,0.028169014084507043,0.06280599685661697,20273419,0.12052880258192651
NFP_202310_REL_20231103,2023-11-03,confirmation,0.2700620590608222,0.5033258163300414,0.426454877040838,63.5128838585354,21.06495016347412,14.861855942812628,0.05780418910472416,0.010992640626229733,0.05717365137020116,0.009950099905184816,0.1422538817119061,0.13230378180672128,0,1,1,0,1,STOP_ABSTAIN,wide_ci_and_review_evsi_below_cost,0.023335410199742394,0.07661971830985916,0.06511051585000588,0.028169014084507043,0.06232950251252062,20273436,0.07662880259714007
NFP_202311_REL_20231208,2023-12-08,confirmation,0.2739876570099198,0.49912488184334863,0.42234779550698076,63.5128838585354,21.06495016347412,14.861855942812628,0.05808705914878465,0.011169667615596393,0.05741810952730124,0.009424470269948122,0.14650130989558693,0.13707683962563882,0,0,1,1,1,STOP_ABSTAIN,wide_ci_and_review_evsi_below_cost,0.023335410199742394,0.07661971830985916,0.06283582562051977,0.028169014084507043,0.06215065958980127,20273453,0.07688629501248556
NFP_202312_REL_20240105,2024-01-05,confirmation,0.2800590170513081,0.49451194594493325,0.4225684711750091,63.5128838585354,21.06495016347412,14.861855942812628,0.05881099681822711,0.011237314816485496,0.0581417926576796,0.009838906930873578,0.14982300455765565,0.13998409762678207,0,0,0,0,1,STOP_ABSTAIN,wide_ci_and_review_evsi_below_cost,0.023335410199742394,0.07661971830985916,0.06481035451817159,0.028169014084507043,0.06300979294614471,20273470,0.07702283150489456
NFP_202401_REL_20240202,2024-02-02,confirmation,0.45428584458785726,0.526849836947738,0.37688117995466486,63.5128838585354,21.06495016347412,14.861855942812628,0.09053861617487294,0.011270865584192425,0.08951366429364913,0.018991619971084964,0.2062886448071538,0.18729702483606886,1,1,1,1,1,STOP_ABSTAIN,wide_ci_and_review_evsi_below_cost,0.023335410199742394,0.07661971830985916,0.10680905614561945,0.028169014084507043,0.06350919907773267,20273487,0.12023119940352675
NFP_202402_REL_20240308,2024-03-08,confirmation,0.45370240469479634,0.5267088437643936,0.37591170797128554,63.5128838585354,21.06495016347412,14.861855942812628,0.09016851576104852,0.011153340564773075,0.08916467970248013,0.01927047802096937,0.20454625324217368,0.1852757752212043,0,0,0,1,1,STOP_ABSTAIN,wide_ci_and_review_evsi_below_cost,0.023335410199742394,0.07661971830985916,0.1083855625937541,0.028169014084507043,0.06307361992402392,20273504,0.12071761729987832
NFP_202403_REL_20240405,2024-04-05,confirmation,0.45623791652395085,0.5322623501421602,0.37554820354323903,63.5128838585354,21.06495016347412,14.861855942812628,0.09165487113920175,0.01147861806001278,0.09060516408464733,0.020347562770109233,0.20848698879841965,0.1881394260283104,0,1,0,0,1,STOP_ABSTAIN,wide_ci_and_review_evsi_below_cost,0.023335410199742394,0.07661971830985916,0.11029699735270317,0.028169014084507043,0.06278987291315077,20273521,0.12054132839140264
NFP_202404_REL_20240503,2024-05-03,confirmation,0.2739646261771095,0.49633923962415055,0.4224251769399939,63.5128838585354,21.06495016347412,14.861855942812628,0.05786941989099543,0.010958433132138847,0.05723656575997735,0.009557805957554953,0.14817907795861163,0.13862127200105667,0,0,1,0,1,STOP_ABSTAIN,wide_ci_and_review_evsi_below_cost,0.023335410199742394,0.07661971830985916,0.0655249261656945,0.028169014084507043,0.06295684119928271,20273538,0.07682712466316108
NFP_202405_REL_20240607,2024-06-07,confirmation,0.45151414301474363,0.5235670593986312,0.38036136750612964,63.5128838585354,21.06495016347412,14.861855942812628,0.0904358937557852,0.01108302232803246,0.08941988535456297,0.01980483097550909,0.2055940147523698,0.1857891837768607,1,1,1,1,1,STOP_ABSTAIN,wide_ci_and_review_evsi_below_cost,0.023335410199742394,0.07661971830985916,0.10793080961242585,0.028169014084507043,0.06232943728263402,20273555,0.12065128580311955
NFP_202406_REL_20240705,2024-07-05,confirmation,0.2769257052178811,0.4973763066045786,0.4222096032493873,63.5128838585354,21.06495016347412,14.861855942812628,0.05851942392252275,0.011067686003909854,0.05787389545366711,0.009396924076690839,0.149378402055199,0.13998147797850816,1,1,1,1,1,STOP_ABSTAIN,wide_ci_and_review_evsi_below_cost,0.023335410199742394,0.07661971830985916,0.06635888855149229,0.028169014084507043,0.062403504664510244,20273572,0.07705293836711374
NFP_202407_REL_20240802,2024-08-02,confirmation,0.27447405845068995,0.498528222854378,0.4289147728610367,63.5128838585354,21.06495016347412,14.861855942812628,0.05950537017154487,0.011063890923753246,0.058855322295502666,0.009982905755684446,0.15352789260473054,0.1435449868490461,0,1,1,0,1,STOP_ABSTAIN,wide_ci_and_review_evsi_below_cost,0.023335410199742394,0.07661971830985916,0.06544650480013617,0.028169014084507043,0.0625136668643195,20273589,0.07667023638229889
NFP_202408_REL_20240906,2024-09-06,confirmation,0.27650510395136374,0.49589011636903485,0.4229840116683753,63.5128838585354,21.06495016347412,14.861855942812628,0.05866835727910666,0.01103761558253844,0.05801343213027725,0.009423607335925368,0.15149207090752417,0.1420684635715988,0,1,0,0,1,STOP_ABSTAIN,wide_ci_and_review_evsi_below_cost,0.023335410199742394,0.07661971830985916,0.06512812377614621,0.028169014084507043,0.06292426035763794,20273606,0.07678715118658744
NFP_202409_REL_20241004,2024-10-04,confirmation,0.45482479116771074,0.5334111163803077,0.38268919888374536,63.5128838585354,21.06495016347412,14.861855942812628,0.09367695114254736,0.011076153699100305,0.09263508348404303,0.020041868846928698,0.2225222322123197,0.202480363365391,0,1,1,0,1,STOP_ABSTAIN,wide_ci_and_review_evsi_below_cost,0.023335410199742394,0.07661971830985916,0.10888665979548048,0.028169014084507043,0.06343863152974781,20273623,0.12075568210181142
NFP_202410_REL_20241101,2024-11-01,confirmation,0.2691489162189564,0.49503273651254276,0.4249522379443299,63.5128838585354,21.06495016347412,14.861855942812628,0.056813941131756425,0.011013341087600324,0.05618729652050117,0.009291659554886682,0.14311918599406145,0.13382752643917478,0,0,1,0,1,STOP_ABSTAIN,wide_ci_and_review_evsi_below_cost,0.023335410199742394,0.07661971830985916,0.06421514176279139,0.028169014084507043,0.06302814363635421,20273640,0.07625505083760915
NFP_202411_REL_20241206,2024-12-06,confirmation,0.4568384727408386,0.5260104413927652,0.38065224036795176,63.5128838585354,21.06495016347412,14.861855942812628,0.09136265555713126,0.011067486357214674,0.09034717757903361,0.019897437856899958,0.202616478853387,0.18271904099648703,0,0,0,0,1,STOP_ABSTAIN,wide_ci_and_review_evsi_below_cost,0.023335410199742394,0.07661971830985916,0.10951672757666864,0.028169014084507043,0.06242869073604513,20273657,0.12092798063686744
NFP_202412_REL_20250110,2025-01-10,confirmation,0.4551897007006674,0.5303254793670573,0.3745729786721935,63.5128838585354,21.06495016347412,14.861855942812628,0.09067613824854857,0.01122801108871026,0.08965260365754485,0.02037196349710055,0.21080513415078525,0.1904331706536847,0,1,1,0,1,STOP_ABSTAIN,wide_ci_and_review_evsi_below_cost,0.023335410199742394,0.07661971830985916,0.10932872202123384,0.028169014084507043,0.06351485991113115,20273674,0.12080971364163355
