event_id,release_date,split,p_1,p_2,p_3,n_1,n_2,n_3,intrinsic_probability,interruption_probability,chain_probability,ci_lower,ci_upper,ci_width,outcome,hop_1_outcome,hop_2_outcome,hop_3_outcome,stop_state,stop_reason,naive_marginal_probability,conditional_beta_probability,primary_only_probability,proxy_only_probability,no_root_probability,posterior_seed
NFP_201101_REL_20110204,2011-02-04,confirmation,0.4600608353075103,0.5444410898955804,0.376063679954314,56.17014407301568,20.09885868138306,14.861855942812628,0.09448988859907333,0.012196770906256134,0.09335131398950583,0.02835637907272125,0.18831084402217116,0.1599544649494499,0,1,1,0,STOP_REJECT,ci_upper_below_break_even,0.0320099821233608,0.08619929453262787,0.11561461491426349,0.029850746268656716,0.06954343124063828,20270903
NFP_201102_REL_20110304,2011-03-04,confirmation,0.4266153354233868,0.5274613756959352,0.39909824261763704,56.17014407301568,20.09885868138306,14.861855942812628,0.09028484250565506,0.012504833725236334,0.08916085719421953,0.03064676528952125,0.176329557502336,0.14568279221281474,0,0,1,1,STOP_REJECT,ci_upper_below_break_even,0.0320099821233608,0.08619929453262787,0.11310393121869308,0.029850746268656716,0.07009325185694419,20270920
NFP_201103_REL_20110401,2011-04-01,confirmation,0.42581022203844066,0.5268558702396994,0.4010458651552771,56.17014407301568,20.09885868138306,14.861855942812628,0.09024802461293015,0.012366126513682001,0.08913333426706314,0.0314538231126071,0.17314759691115994,0.14169377379855283,,,,,STOP_REJECT,ci_upper_below_break_even,0.0320099821233608,0.08619929453262787,0.11086005616264452,0.029850746268656716,0.07028872757725535,20270937
NFP_201104_REL_20110506,2011-05-06,confirmation,0.42193802539397585,0.5248030952544309,0.4035296513530266,56.17014407301568,20.09885868138306,14.861855942812628,0.08984216294204143,0.012282188465077457,0.08873595538433603,0.030940549354716386,0.17280697115485724,0.14186642180014086,0,0,0,0,STOP_REJECT,ci_upper_below_break_even,0.0320099821233608,0.08619929453262787,0.1111962217555632,0.029850746268656716,0.06902691659452867,20270954
NFP_201105_REL_20110603,2011-06-03,confirmation,0.27038612123805467,0.567288508016947,0.4207815232479345,56.17014407301568,20.09885868138306,14.861855942812628,0.06512367431918442,0.012502952030672813,0.06432391371297236,0.01532764557457564,0.14892221624826146,0.13359457067368583,0,1,1,0,STOP_REJECT,ci_upper_below_break_even,0.0320099821233608,0.08619929453262787,0.07111478060268545,0.029850746268656716,0.06823362790099113,20270971
NFP_201106_REL_20110708,2011-07-08,confirmation,0.2680597722013731,0.5682443150864521,0.4240415396375417,56.17014407301568,20.09885868138306,14.861855942812628,0.06507266039214582,0.012599671665512348,0.06426088528842967,0.015104932295958856,0.14606497384784287,0.130960041551884,0,1,1,0,STOP_REJECT,ci_upper_below_break_even,0.0320099821233608,0.08619929453262787,0.07036073631081562,0.029850746268656716,0.06993055454431643,20270988
NFP_201107_REL_20110805,2011-08-05,confirmation,0.44719050954059697,0.5342288642518926,0.3840930333130446,56.17014407301568,20.09885868138306,14.861855942812628,0.09238778944221653,0.01228813476523341,0.0912606956079934,0.030224540153463,0.18511877776036345,0.15489423760690046,0,0,1,0,STOP_REJECT,ci_upper_below_break_even,0.0320099821233608,0.08619929453262787,0.11329723348871895,0.029850746268656716,0.0697145427967411,20271005
NFP_201108_REL_20110902,2011-09-02,confirmation,0.2555927878984225,0.557323743666993,0.4354850370334219,56.17014407301568,20.09885868138306,14.861855942812628,0.0621875953715342,0.012086720154039552,0.06142352194648684,0.015311257358746225,0.13498787184419822,0.119676614485452,0,0,0,1,STOP_REJECT,ci_upper_below_break_even,0.0320099821233608,0.08619929453262787,0.07170893082916703,0.029850746268656716,0.06970862160591217,20271022
NFP_201109_REL_20111007,2011-10-07,confirmation,0.46503313924558864,0.5453151757851198,0.3786099440162158,56.17014407301568,20.09885868138306,14.861855942812628,0.09634210829668108,0.012339251851936009,0.0951415857776444,0.029491387156804404,0.1959354043159113,0.1664440171591069,0,0,0,0,STOP_REJECT,ci_upper_below_break_even,0.0320099821233608,0.08619929453262787,0.11582407158077279,0.029850746268656716,0.06947596823904054,20271039
NFP_201110_REL_20111104,2011-11-04,confirmation,0.27091507868991255,0.570357066723529,0.4225148021732429,56.17014407301568,20.09885868138306,14.861855942812628,0.06562608685311667,0.012266321279670337,0.06483306126281321,0.01574551025803533,0.1504545690354111,0.13470905877737577,0,1,0,0,STOP_REJECT,ci_upper_below_break_even,0.0320099821233608,0.08619929453262787,0.07225923957332256,0.029850746268656716,0.06930724596223144,20271056
NFP_201111_REL_20111202,2011-12-02,confirmation,0.46437374375942647,0.5424238505218499,0.37772570137286765,56.17014407301568,20.09885868138306,14.861855942812628,0.09577078602423429,0.012634004295934356,0.09455881239121856,0.028977685658190755,0.1951436788477103,0.16616599318951955,0,0,0,0,STOP_REJECT,ci_upper_below_break_even,0.0320099821233608,0.08619929453262787,0.11417886692384743,0.029850746268656716,0.07008867701277958,20271073
NFP_201112_REL_20120106,2012-01-06,confirmation,0.4362265991719746,0.5338825255280129,0.39038644113484783,56.17014407301568,20.09885868138306,14.861855942812628,0.09141831196084758,0.012058889834711027,0.09032508465428342,0.02948655692068428,0.18025370060594548,0.1507671436852612,0,0,0,0,STOP_REJECT,ci_upper_below_break_even,0.0320099821233608,0.08619929453262787,0.1112158687576625,0.029850746268656716,0.06925947277193033,20271090
NFP_201201_REL_20120203,2012-02-03,confirmation,0.43020260688636724,0.5297223395516111,0.3940062026895298,56.17014407301568,20.09885868138306,14.861855942812628,0.09027831613957382,0.012239764740482705,0.08917139838386129,0.029384747903814696,0.17847151049089716,0.14908676258708245,,,,,STOP_REJECT,ci_upper_below_break_even,0.0320099821233608,0.08619929453262787,0.11115414546060655,0.029850746268656716,0.06908586659521378,20271107
NFP_201202_REL_20120309,2012-03-09,confirmation,0.4355711198739181,0.5321459862564986,0.39311658661384513,56.17014407301568,20.09885868138306,14.861855942812628,0.09140932144303295,0.012305463912607685,0.0902779574136752,0.03045086514434637,0.17954259302099665,0.1490917278766503,0,0,0,0,STOP_REJECT,ci_upper_below_break_even,0.0320099821233608,0.08619929453262787,0.11434841577715767,0.029850746268656716,0.06929637440142739,20271124
NFP_201204_REL_20120504,2012-05-04,confirmation,0.27523795008413954,0.5711076862367406,0.42629510961402434,56.17014407301568,20.09885868138306,14.861855942812628,0.06741812073900341,0.012486630250418337,0.0665814790691582,0.014820669995556784,0.15543393010323586,0.14061326010767908,0,0,0,0,STOP_REJECT,ci_upper_below_break_even,0.0320099821233608,0.08619929453262787,0.07323344261054897,0.029850746268656716,0.06889614969958516,20271141
NFP_201205_REL_20120601,2012-06-01,confirmation,0.261053742134033,0.5665513826730659,0.42618884046492816,56.17014407301568,20.09885868138306,14.861855942812628,0.0633873383123935,0.012249711025196891,0.06260374651242558,0.01498571981524219,0.14312191312633293,0.12813619331109075,0,1,0,0,STOP_REJECT,ci_upper_below_break_even,0.0320099821233608,0.08619929453262787,0.07155796291252438,0.029850746268656716,0.06847936336301154,20271158
NFP_201206_REL_20120706,2012-07-06,confirmation,0.26619352020136533,0.5678119355299118,0.43176203570666694,56.17014407301568,20.09885868138306,14.861855942812628,0.06546461062522857,0.012507256437304206,0.06465318304227176,0.015747955706922823,0.1483646506767045,0.13261669496978168,,,,,STOP_REJECT,ci_upper_below_break_even,0.0320099821233608,0.08619929453262787,0.07150962962813562,0.029850746268656716,0.06912461009080605,20271175
NFP_201207_REL_20120803,2012-08-03,confirmation,0.4598177954726392,0.538271158486391,0.3801354773592734,56.17014407301568,20.09885868138306,14.861855942812628,0.09388545713558662,0.012258025495343609,0.09273575988113691,0.029541653308380947,0.18752594981171689,0.15798429650333595,,,,,STOP_REJECT,ci_upper_below_break_even,0.0320099821233608,0.08619929453262787,0.11521967382045756,0.029850746268656716,0.06869784862461953,20271192
NFP_201208_REL_20120907,2012-09-07,confirmation,0.27210800058713996,0.5717772013991153,0.42612262447665267,56.17014407301568,20.09885868138306,14.861855942812628,0.06670674747254282,0.012033337717248816,0.06588166653001964,0.015172710398104904,0.15434530809417257,0.13917259769606766,1,1,1,1,STOP_REJECT,ci_upper_below_break_even,0.0320099821233608,0.08619929453262787,0.07255275167652711,0.029850746268656716,0.07010161220122456,20271209
NFP_201209_REL_20121005,2012-10-05,confirmation,0.2788952228702259,0.5741548671411618,0.417600752259159,56.17014407301568,20.09885868138306,14.861855942812628,0.06711325105879086,0.0123492154383419,0.06630084571445002,0.014940867633713288,0.15577556557615246,0.14083469794243916,0,0,0,0,STOP_REJECT,ci_upper_below_break_even,0.0320099821233608,0.08619929453262787,0.07240146975180409,0.029850746268656716,0.06962605265832736,20271226
NFP_201210_REL_20121102,2012-11-02,confirmation,0.45426747209004664,0.5389779775035538,0.38002376413778516,56.17014407301568,20.09885868138306,14.861855942812628,0.09327706146942497,0.01236201458543163,0.0921412087845422,0.02951602621188417,0.18934772712000766,0.1598317009081235,0,0,0,1,STOP_REJECT,ci_upper_below_break_even,0.0320099821233608,0.08619929453262787,0.11496740079354249,0.029850746268656716,0.06998262811930726,20271243
NFP_201211_REL_20121207,2012-12-07,confirmation,0.46510777402352005,0.5472509970091817,0.3758510181196608,56.17014407301568,20.09885868138306,14.861855942812628,0.09619984709492647,0.012080030464990272,0.09503885031206634,0.02813178548341651,0.19658285627126143,0.1684510707878449,,,,,STOP_REJECT,ci_upper_below_break_even,0.0320099821233608,0.08619929453262787,0.11495107359807698,0.029850746268656716,0.0684211709949324,20271260
NFP_201212_REL_20130104,2013-01-04,confirmation,0.46457901206367685,0.5449145665286456,0.37426243657646374,56.17014407301568,20.09885868138306,14.861855942812628,0.09521494610619118,0.012588706133158507,0.09401867784846504,0.02881930189407231,0.19928460389605548,0.17046530200198318,,,,,STOP_REJECT,ci_upper_below_break_even,0.0320099821233608,0.08619929453262787,0.1154266324341655,0.029850746268656716,0.06920977860302463,20271277
NFP_201301_REL_20130201,2013-02-01,confirmation,0.46407431570763447,0.5404713543417339,0.3832948372245691,56.17014407301568,20.09885868138306,14.861855942812628,0.09646450128898468,0.012066871001089326,0.09531665371712623,0.029461859198298843,0.199736393060636,0.17027453386233715,,,,,STOP_REJECT,ci_upper_below_break_even,0.0320099821233608,0.08619929453262787,0.11474427264486078,0.029850746268656716,0.07080736821923415,20271294
NFP_201302_REL_20130308,2013-03-08,confirmation,0.4381640687997701,0.5335796695983052,0.39149000152046903,56.17014407301568,20.09885868138306,14.861855942812628,0.09196190308307743,0.012047600227520917,0.09084458578421194,0.028470546577766296,0.18002136475581232,0.15155081817804603,0,1,1,0,STOP_REJECT,ci_upper_below_break_even,0.0320099821233608,0.08619929453262787,0.11295857410043093,0.029850746268656716,0.07009781039722987,20271311
NFP_201303_REL_20130405,2013-04-05,confirmation,0.26278510792570714,0.5681635750979614,0.42536774630795915,56.17014407301568,20.09885868138306,14.861855942812628,0.06357681596002634,0.01240507008959945,0.06278763479940719,0.0147231791144472,0.14347906070041774,0.12875588158597054,0,0,0,0,STOP_REJECT,ci_upper_below_break_even,0.0320099821233608,0.08619929453262787,0.07116972662385217,0.029850746268656716,0.07012534654338357,20271328
NFP_201304_REL_20130503,2013-05-03,confirmation,0.46089218788604375,0.5397756789609057,0.3796660359527932,56.17014407301568,20.09885868138306,14.861855942812628,0.09492011580574237,0.012110747038728812,0.09377166813143062,0.027752637185012682,0.1962553996185532,0.1685027624335405,0,1,1,0,STOP_REJECT,ci_upper_below_break_even,0.0320099821233608,0.08619929453262787,0.11489041648054706,0.029850746268656716,0.06976287318935558,20271345
NFP_201305_REL_20130607,2013-06-07,confirmation,0.46440556786234116,0.5433526773640898,0.3776794168605609,56.17014407301568,20.09885868138306,14.861855942812628,0.09539154959299034,0.012005871381431174,0.0942305057415125,0.027255905210906456,0.19693750496998397,0.1696815997590775,1,1,1,1,STOP_REJECT,ci_upper_below_break_even,0.0320099821233608,0.08619929453262787,0.11447588113844355,0.029850746268656716,0.06944205735843101,20271362
NFP_201306_REL_20130705,2013-07-05,confirmation,0.4592342700810364,0.5391291990380114,0.37928002343219014,56.17014407301568,20.09885868138306,14.861855942812628,0.09442546412362032,0.012400497515877903,0.09325453596043001,0.02805985617626233,0.19066089078518844,0.1626010346089261,1,1,1,1,STOP_REJECT,ci_upper_below_break_even,0.0320099821233608,0.08619929453262787,0.115526237128643,0.029850746268656716,0.06983153879694984,20271379
NFP_201307_REL_20130802,2013-08-02,confirmation,0.474618631861857,0.5425997802635588,0.3732388368548321,56.17014407301568,20.09885868138306,14.861855942812628,0.09617773478884467,0.012339279475877069,0.09497478204408417,0.027326200056671694,0.20050746422700813,0.17318126417033644,0,0,1,0,STOP_REJECT,ci_upper_below_break_even,0.0320099821233608,0.08619929453262787,0.11638968004530435,0.029850746268656716,0.06931945254409251,20271396
NFP_201308_REL_20130906,2013-09-06,confirmation,0.4703098255106585,0.5440085050185329,0.3752320081190229,56.17014407301568,20.09885868138306,14.861855942812628,0.09648672690979512,0.01251999774729343,0.09527531286563962,0.026868458916193983,0.20339694010449255,0.17652848118829856,0,0,1,0,STOP_REJECT,ci_upper_below_break_even,0.0320099821233608,0.08619929453262787,0.11345000495162032,0.029850746268656716,0.06900305616336991,20271413
NFP_201309_REL_20131022,2013-10-22,confirmation,0.27472552125319283,0.569604921633435,0.4275847048114633,56.17014407301568,20.09885868138306,14.861855942812628,0.06671822217274377,0.012299207048779199,0.06588488308122147,0.015026714439176707,0.15201086057538366,0.13698414613620694,0,0,0,1,STOP_REJECT,ci_upper_below_break_even,0.0320099821233608,0.08619929453262787,0.07170670250202563,0.029850746268656716,0.0701869665748391,20271430
NFP_201310_REL_20131108,2013-11-08,confirmation,0.4582536130233161,0.5376301131736292,0.3832585759457837,56.17014407301568,20.09885868138306,14.861855942812628,0.09463663788719186,0.012411153544438957,0.09346532694988621,0.028725823737560316,0.1951117383354086,0.1663859145978483,1,1,1,1,STOP_REJECT,ci_upper_below_break_even,0.0320099821233608,0.08619929453262787,0.11410277554262171,0.029850746268656716,0.06978456723303085,20271447
NFP_201311_REL_20131206,2013-12-06,confirmation,0.45905837918587256,0.5387071189031333,0.383103159796774,56.17014407301568,20.09885868138306,14.861855942812628,0.09473132114500821,0.012298298371888871,0.09354461940458962,0.028670746218370513,0.1943558464240011,0.1656851002056306,,,,,STOP_REJECT,ci_upper_below_break_even,0.0320099821233608,0.08619929453262787,0.11498808811204393,0.029850746268656716,0.06993355381993395,20271464
NFP_201312_REL_20140110,2014-01-10,confirmation,0.25068234602227774,0.5577399732798526,0.4383614875318624,56.17014407301568,20.09885868138306,14.861855942812628,0.062080427340614905,0.012758766174844229,0.061289334310964456,0.01430120248034255,0.14230430728603877,0.1280031048056962,0,1,0,1,STOP_REJECT,ci_upper_below_break_even,0.0320099821233608,0.08619929453262787,0.07042871406556671,0.029850746268656716,0.06926483281204322,20271481
NFP_201401_REL_20140207,2014-02-07,confirmation,0.25964368448361197,0.5583359587725488,0.4312801566978209,56.17014407301568,20.09885868138306,14.861855942812628,0.0631536281827919,0.012196401056121683,0.062381387564303524,0.013827385717864382,0.14582084966047174,0.13199346394260736,,,,,STOP_REJECT,ci_upper_below_break_even,0.0320099821233608,0.08619929453262787,0.07148449126614093,0.029850746268656716,0.06877636616416334,20271498
NFP_201402_REL_20140307,2014-03-07,confirmation,0.4672493390941856,0.5447300074034044,0.37893112224581904,56.17014407301568,20.09885868138306,14.861855942812628,0.0971537831555307,0.012391178189866424,0.09595328597183021,0.027243107303152617,0.20621339514871126,0.17897028784555863,0,0,1,0,STOP_REJECT,ci_upper_below_break_even,0.0320099821233608,0.08619929453262787,0.11531522473855593,0.029850746268656716,0.0697296006608277,20271515
NFP_201403_REL_20140404,2014-04-04,confirmation,0.46319614797638586,0.5358136431548289,0.3826279321014281,56.17014407301568,20.09885868138306,14.861855942812628,0.09535126960767225,0.012258778914660016,0.09419043476949183,0.028887879810485486,0.19528778565013521,0.16639990583964973,0,0,1,1,STOP_REJECT,ci_upper_below_break_even,0.0320099821233608,0.08619929453262787,0.11520246095343713,0.029850746268656716,0.0692879239063098,20271532
NFP_201404_REL_20140502,2014-05-02,confirmation,0.42352202876619527,0.5227869521735392,0.4070532432651348,56.17014407301568,20.09885868138306,14.861855942812628,0.090438281299566,0.012304748672849369,0.08934401680656424,0.028142422604108437,0.18264374730520158,0.15450132470109315,0,0,0,0,STOP_REJECT,ci_upper_below_break_even,0.0320099821233608,0.08619929453262787,0.11132345026137488,0.029850746268656716,0.06974054191336515,20271549
NFP_201405_REL_20140606,2014-06-06,confirmation,0.4511472092370746,0.5354562376197312,0.38558764147324925,56.17014407301568,20.09885868138306,14.861855942812628,0.09339345625055594,0.012196599793257757,0.09225392654051716,0.028883401704513097,0.18954437396681464,0.16066097226230155,0,0,0,0,STOP_REJECT,ci_upper_below_break_even,0.0320099821233608,0.08619929453262787,0.11457827803490563,0.029850746268656716,0.06863848320995458,20271566
NFP_201406_REL_20140703,2014-07-03,confirmation,0.4200435092197757,0.5251821363624574,0.4043805368138867,56.17014407301568,20.09885868138306,14.861855942812628,0.08917658638035346,0.012636479174639056,0.08804071505087165,0.02758171071830614,0.17605680090000173,0.14847509018169558,0,1,0,0,STOP_REJECT,ci_upper_below_break_even,0.0320099821233608,0.08619929453262787,0.113180731352605,0.029850746268656716,0.06933489120413372,20271583
NFP_201407_REL_20140801,2014-08-01,confirmation,0.4563533774877432,0.5403209753949274,0.3829525818095261,56.17014407301568,20.09885868138306,14.861855942812628,0.09439933847994152,0.012563742660138903,0.09321587163679089,0.02783319814558594,0.19262785407836464,0.1647946559327787,0,0,1,0,STOP_REJECT,ci_upper_below_break_even,0.0320099821233608,0.08619929453262787,0.11560454359764946,0.029850746268656716,0.06922571921165088,20271600
NFP_201408_REL_20140905,2014-09-05,confirmation,0.25227599612351953,0.5643569706861715,0.4416828605122536,56.17014407301568,20.09885868138306,14.861855942812628,0.06286267293845191,0.012195916770121506,0.06209065842639329,0.015061871938760872,0.14028187957793417,0.1252200076391733,0,0,0,0,STOP_REJECT,ci_upper_below_break_even,0.0320099821233608,0.08619929453262787,0.06933604848112868,0.029850746268656716,0.06910240775722534,20271617
NFP_201409_REL_20141003,2014-10-03,confirmation,0.44952279296669595,0.5357230894500724,0.39295558968675154,56.17014407301568,20.09885868138306,14.861855942812628,0.09539333625163599,0.012208853579498878,0.09421860296534168,0.0282589746367706,0.1950152841879365,0.1667563095511659,0,1,0,1,STOP_REJECT,ci_upper_below_break_even,0.0320099821233608,0.08619929453262787,0.1147982235505767,0.029850746268656716,0.06939133650388679,20271634
NFP_201410_REL_20141107,2014-11-07,confirmation,0.4632499448249905,0.546385277244035,0.38015237162413235,56.17014407301568,20.09885868138306,14.861855942812628,0.09606386691781418,0.012711075341714707,0.09482589641552865,0.028813293046786634,0.19890209765590466,0.17008880460911802,0,0,1,1,STOP_REJECT,ci_upper_below_break_even,0.0320099821233608,0.08619929453262787,0.11672511623603651,0.029850746268656716,0.06965110803622675,20271651
NFP_201411_REL_20141205,2014-12-05,confirmation,0.41951733739642766,0.524525879725219,0.40888990518624835,56.17014407301568,20.09885868138306,14.861855942812628,0.09043672057799697,0.01199903515825883,0.08935147785945775,0.02801578411123953,0.18211843501663053,0.154102650905391,1,1,1,1,STOP_REJECT,ci_upper_below_break_even,0.0320099821233608,0.08619929453262787,0.11296158904782687,0.029850746268656716,0.06965258077049132,20271668
NFP_201412_REL_20150109,2015-01-09,confirmation,0.4496647031398722,0.5322818603897226,0.38580637523098327,56.17014407301568,20.09885868138306,14.861855942812628,0.09268966797058126,0.012304220695401725,0.09155635197266657,0.027209667113322483,0.18709209272524072,0.15988242561191823,0,0,0,0,STOP_REJECT,ci_upper_below_break_even,0.0320099821233608,0.08619929453262787,0.1148517242146757,0.029850746268656716,0.0700063188458908,20271685
NFP_201501_REL_20150206,2015-02-06,confirmation,0.44643772837418977,0.5358393050710654,0.3858773984799241,56.17014407301568,20.09885868138306,14.861855942812628,0.09214017926313699,0.012241722658361029,0.09099653967920271,0.028600253367045157,0.1865730108219873,0.15797275745494213,1,1,1,1,STOP_REJECT,ci_upper_below_break_even,0.0320099821233608,0.08619929453262787,0.11556393269294775,0.029850746268656716,0.06921057743717882,20271702
NFP_201502_REL_20150306,2015-03-06,confirmation,0.4349037719280178,0.5315926245556859,0.3991944366976221,56.17014407301568,20.09885868138306,14.861855942812628,0.09279480162688164,0.012340289479423578,0.09165033940616536,0.028806995468464047,0.18767348938602108,0.15886649391755703,1,1,1,1,STOP_REJECT,ci_upper_below_break_even,0.0320099821233608,0.08619929453262787,0.1141844900162642,0.029850746268656716,0.06944800353679698,20271719
NFP_201504_REL_20150508,2015-05-08,confirmation,0.26188211981679954,0.5652416306305394,0.4315697439962222,56.17014407301568,20.09885868138306,14.861855942812628,0.06415865614751172,0.012419786912578825,0.06336548219632918,0.014328279520538894,0.14587197822367082,0.13154369870313193,0,1,0,0,STOP_REJECT,ci_upper_below_break_even,0.0320099821233608,0.08619929453262787,0.07160469187953179,0.029850746268656716,0.07036434329739696,20271736
NFP_201505_REL_20150605,2015-06-05,confirmation,0.4410445527629946,0.5325677642727803,0.39423932091496633,56.17014407301568,20.09885868138306,14.861855942812628,0.09320244024103462,0.012533038681491021,0.09205231637587542,0.026944548006018188,0.19138575632275745,0.16444120831673925,0,1,0,0,STOP_REJECT,ci_upper_below_break_even,0.0320099821233608,0.08619929453262787,0.11424256440201994,0.029850746268656716,0.0701539534723024,20271753
NFP_201506_REL_20150702,2015-07-02,confirmation,0.2538276559993539,0.5601012517089727,0.44413010027703137,56.17014407301568,20.09885868138306,14.861855942812628,0.06353919954661186,0.012264030485893784,0.06274965149301767,0.01443291037624848,0.1461565837907135,0.13172367341446503,0,1,1,0,STOP_REJECT,ci_upper_below_break_even,0.0320099821233608,0.08619929453262787,0.06945965712039877,0.029850746268656716,0.06943939323733682,20271770
NFP_201507_REL_20150807,2015-08-07,confirmation,0.2596909319660648,0.5586490958124177,0.43324894309334977,56.17014407301568,20.09885868138306,14.861855942812628,0.06307464349913117,0.012546644661415252,0.06228329322757105,0.014115340807856199,0.1444825527797446,0.13036721197188839,,,,,STOP_REJECT,ci_upper_below_break_even,0.0320099821233608,0.08619929453262787,0.07079981768759668,0.029850746268656716,0.07033076454528149,20271787
NFP_201508_REL_20150904,2015-09-04,confirmation,0.23015457829029895,0.5441155517712345,0.4566937659871204,56.17014407301568,20.09885868138306,14.861855942812628,0.057777529695383786,0.01209275007099849,0.057079281196577,0.0125204860565143,0.1346226344195101,0.12210214836299581,,,,,STOP_REJECT,ci_upper_below_break_even,0.0320099821233608,0.08619929453262787,0.06727586472924828,0.029850746268656716,0.06937984543982412,20271804
NFP_201509_REL_20151002,2015-10-02,confirmation,0.21711719349333,0.539782406020506,0.47034704585354087,56.17014407301568,20.09885868138306,14.861855942812628,0.05536943274897349,0.012500500097587594,0.05469248499933314,0.011191274684651618,0.12881807101599857,0.11762679633134696,1,1,1,1,STOP_REJECT,ci_upper_below_break_even,0.0320099821233608,0.08619929453262787,0.06638043464140571,0.029850746268656716,0.06922038035515785,20271821
NFP_201510_REL_20151106,2015-11-06,confirmation,0.42118164788478735,0.5305141035462814,0.400925057903287,56.17014407301568,20.09885868138306,14.861855942812628,0.09013338665065894,0.012453453798677967,0.08900668570160342,0.028247164549484734,0.18431642194974923,0.1560692574002645,1,1,1,1,STOP_REJECT,ci_upper_below_break_even,0.0320099821233608,0.08619929453262787,0.11217670487319804,0.029850746268656716,0.070359775346561,20271838
NFP_201511_REL_20151204,2015-12-04,confirmation,0.25241219662999415,0.5544742972776043,0.44210374178210987,56.17014407301568,20.09885868138306,14.861855942812628,0.06258136075739633,0.012344483925393323,0.06181886052131153,0.014344023015641548,0.1449068864357529,0.13056286342011134,,,,,STOP_REJECT,ci_upper_below_break_even,0.0320099821233608,0.08619929453262787,0.07046588618150915,0.029850746268656716,0.06901392375130656,20271855
NFP_201512_REL_20160108,2016-01-08,confirmation,0.40491520299201844,0.5144204123840479,0.4100653840437444,56.17014407301568,20.09885868138306,14.861855942812628,0.08585213143195096,0.012888788495897401,0.08474836544748421,0.023825992810025363,0.1789461742846602,0.15512018147463483,0,0,0,0,STOP_REJECT,ci_upper_below_break_even,0.0320099821233608,0.08619929453262787,0.11033623403413263,0.029850746268656716,0.06966039826453198,20271872
NFP_201601_REL_20160205,2016-02-05,confirmation,0.22167924286800872,0.5427737092872094,0.4607643906186022,56.17014407301568,20.09885868138306,14.861855942812628,0.05546212089683418,0.012258048435114676,0.054782103281146806,0.011994787455911341,0.12909287392423704,0.1170980864683257,0,0,1,0,STOP_REJECT,ci_upper_below_break_even,0.0320099821233608,0.08619929453262787,0.06822320048498103,0.029850746268656716,0.06962099483224111,20271889
NFP_201602_REL_20160304,2016-03-04,confirmation,0.4452707187738791,0.5377511439764598,0.38947832327656534,56.17014407301568,20.09885868138306,14.861855942812628,0.09359400212816575,0.012337242501379748,0.09244288818156349,0.027014248966243465,0.19233472596643042,0.16532047700018696,0,0,1,0,STOP_REJECT,ci_upper_below_break_even,0.0320099821233608,0.08619929453262787,0.11379555805142555,0.029850746268656716,0.06953712439393121,20271906
NFP_201603_REL_20160401,2016-04-01,confirmation,0.2742487228751863,0.5679948026092668,0.4265068371419052,56.17014407301568,20.09885868138306,14.861855942812628,0.06732436925625479,0.012499264983208998,0.0664904177417784,0.013593807691918999,0.1590767997095304,0.1454829920176114,0,0,0,0,STOP_REJECT,ci_upper_below_break_even,0.0320099821233608,0.08619929453262787,0.07327934193095686,0.029850746268656716,0.0693414169067394,20271923
NFP_201604_REL_20160506,2016-05-06,confirmation,0.2267003525896344,0.5435648863146249,0.45742618880585484,56.17014407301568,20.09885868138306,14.861855942812628,0.05618005750700046,0.012419166268816756,0.055487820988984124,0.012010652882354192,0.12463574641518242,0.11262509353282824,0,0,0,0,STOP_REJECT,ci_upper_below_break_even,0.0320099821233608,0.08619929453262787,0.06766050562210629,0.029850746268656716,0.0697436278250707,20271940
NFP_201605_REL_20160603,2016-06-03,confirmation,0.18764047790725027,0.512252878344428,0.498370467256119,56.17014407301568,20.09885868138306,14.861855942812628,0.048272815872379415,0.01234780278935025,0.047684607445523164,0.006178050246287867,0.133198365004491,0.12702031475820313,1,1,1,1,STOP_REJECT,ci_upper_below_break_even,0.0320099821233608,0.08619929453262787,0.06590271795764954,0.029850746268656716,0.07042761965458695,20271957
NFP_201606_REL_20160708,2016-07-08,confirmation,0.3979493213511435,0.5155162918397841,0.41685603284187106,56.17014407301568,20.09885868138306,14.861855942812628,0.08618738492545949,0.012111052945161325,0.08515367471865838,0.02390000273925286,0.1831645215742479,0.15926451883499504,,,,,STOP_REJECT,ci_upper_below_break_even,0.0320099821233608,0.08619929453262787,0.10979513972674267,0.029850746268656716,0.06993419975442114,20271974
NFP_201607_REL_20160805,2016-08-05,confirmation,0.42467735330609957,0.5273058292171597,0.40255701707579317,56.17014407301568,20.09885868138306,14.861855942812628,0.0903661975735044,0.012549056411691621,0.08920678956181366,0.02636280932840071,0.1821564888606229,0.1557936795322222,1,1,1,1,STOP_REJECT,ci_upper_below_break_even,0.0320099821233608,0.08619929453262787,0.1126607021775743,0.029850746268656716,0.06966519555448619,20271991
NFP_201608_REL_20160902,2016-09-02,confirmation,0.22798353009854833,0.5478279917795665,0.4597327408403387,56.17014407301568,20.09885868138306,14.861855942812628,0.05765025204723156,0.012573434150402485,0.0569201313978176,0.012595692060873562,0.13540064013560477,0.1228049480747312,0,0,0,1,STOP_REJECT,ci_upper_below_break_even,0.0320099821233608,0.08619929453262787,0.06908452185994972,0.029850746268656716,0.06969958702902937,20272008
NFP_201609_REL_20161007,2016-10-07,confirmation,0.23136337556486633,0.5441869131625888,0.4570293132471192,56.17014407301568,20.09885868138306,14.861855942812628,0.05799628318388723,0.012104563364124533,0.05729508336771194,0.01259528190831175,0.13868051666100242,0.12608523475269068,0,1,0,0,STOP_REJECT,ci_upper_below_break_even,0.0320099821233608,0.08619929453262787,0.06862605968544618,0.029850746268656716,0.07071411960728621,20272025
NFP_201610_REL_20161104,2016-11-04,confirmation,0.23425983801764436,0.5495273349435967,0.457116803066854,56.17014407301568,20.09885868138306,14.861855942812628,0.05891952397481603,0.012293216496408904,0.05820301781999253,0.013149725456833105,0.13609415169329023,0.12294442623645713,0,0,0,0,STOP_REJECT,ci_upper_below_break_even,0.0320099821233608,0.08619929453262787,0.06905998421395372,0.029850746268656716,0.0689063565142376,20272042
NFP_201611_REL_20161202,2016-12-02,confirmation,0.26990295351361715,0.5658691772692457,0.4252543548356257,56.17014407301568,20.09885868138306,14.861855942812628,0.06525330158966153,0.012439865377573743,0.06444022689475597,0.013209050359978167,0.15395221183562338,0.14074316147564522,0,1,0,0,STOP_REJECT,ci_upper_below_break_even,0.0320099821233608,0.08619929453262787,0.07330053028038817,0.029850746268656716,0.07024734184399613,20272059
NFP_201612_REL_20170106,2017-01-06,confirmation,0.2650121164473311,0.5643112325362803,0.42712240573582155,56.17014407301568,20.09885868138306,14.861855942812628,0.06432893566515208,0.012176061984357044,0.06353594944992,0.01374077787929276,0.15233354506768115,0.1385927671883884,0,0,1,0,STOP_REJECT,ci_upper_below_break_even,0.0320099821233608,0.08619929453262787,0.0715663524178864,0.029850746268656716,0.06893249953962226,20272076
NFP_201701_REL_20170203,2017-02-03,confirmation,0.40726427702110596,0.5159457426630187,0.4126075930881483,56.17014407301568,20.09885868138306,14.861855942812628,0.08732854975657926,0.01286915998846537,0.08619749941472642,0.02353458496732846,0.18673797644479362,0.16320339147746515,,,,,STOP_REJECT,ci_upper_below_break_even,0.0320099821233608,0.08619929453262787,0.11072799674110237,0.029850746268656716,0.07049570810449293,20272093
NFP_201702_REL_20170310,2017-03-10,confirmation,0.4013935308960636,0.519891234109253,0.4114216943833566,56.17014407301568,20.09885868138306,14.861855942812628,0.0856541074024733,0.012161436517615606,0.08462431142108662,0.02465324338507172,0.18028228139344699,0.15562903800837527,0,0,0,0,STOP_REJECT,ci_upper_below_break_even,0.0320099821233608,0.08619929453262787,0.11073604486960144,0.029850746268656716,0.07013630785155656,20272110
NFP_201703_REL_20170407,2017-04-07,confirmation,0.2224299026772211,0.5371606647127326,0.46767589077131877,56.17014407301568,20.09885868138306,14.861855942812628,0.05631766582657416,0.01211504488603872,0.05564274837187926,0.011411446982024329,0.13287740899949135,0.12146596201746702,0,0,1,0,STOP_REJECT,ci_upper_below_break_even,0.0320099821233608,0.08619929453262787,0.06735764115622775,0.029850746268656716,0.07033559307353374,20272127
NFP_201704_REL_20170505,2017-05-05,confirmation,0.4133829631411457,0.5217091251576801,0.40356313787034614,56.17014407301568,20.09885868138306,14.861855942812628,0.08753741425060292,0.012448462372583935,0.08646711875024825,0.025250570060864633,0.18381213817349087,0.15856156811262623,,,,,STOP_REJECT,ci_upper_below_break_even,0.0320099821233608,0.08619929453262787,0.11139651325542053,0.029850746268656716,0.06981447616212477,20272144
NFP_201705_REL_20170602,2017-06-02,confirmation,0.24681299255805275,0.5556790907678291,0.44571638858732193,56.17014407301568,20.09885868138306,14.861855942812628,0.061318861032946585,0.012248743704032084,0.060559485408344035,0.013978248424559851,0.14374278192952475,0.1297645335049649,,,,,STOP_REJECT,ci_upper_below_break_even,0.0320099821233608,0.08619929453262787,0.06986882158163302,0.029850746268656716,0.06946400202036011,20272161
NFP_201706_REL_20170707,2017-07-07,confirmation,0.41224896412016687,0.5205706689066695,0.3998634055414858,56.17014407301568,20.09885868138306,14.861855942812628,0.0864771601472345,0.012279295335916252,0.08542771014501221,0.0234818553240527,0.18321233972089854,0.15973048439684584,,,,,STOP_REJECT,ci_upper_below_break_even,0.0320099821233608,0.08619929453262787,0.11193385328775277,0.029850746268656716,0.0698428550938077,20272178
NFP_201707_REL_20170804,2017-08-04,confirmation,0.4245487527576481,0.5259276467658719,0.3994099896595027,56.17014407301568,20.09885868138306,14.861855942812628,0.08961499196843477,0.012007489052618012,0.08854126805085072,0.026652984672415742,0.1873649394133207,0.16071195474090494,,,,,STOP_REJECT,ci_upper_below_break_even,0.0320099821233608,0.08619929453262787,0.11275195072496999,0.029850746268656716,0.06990817492404594,20272195
NFP_201708_REL_20170901,2017-09-01,confirmation,0.2616901446775273,0.5625782268197239,0.42921869240011556,56.17014407301568,20.09885868138306,14.861855942812628,0.06295886351067506,0.012428117325502612,0.06217137974437969,0.013427964171133113,0.14643327271665274,0.13300530854551962,0,0,0,0,STOP_REJECT,ci_upper_below_break_even,0.0320099821233608,0.08619929453262787,0.07142209236667514,0.029850746268656716,0.0692194789331742,20272212
NFP_201709_REL_20171006,2017-10-06,confirmation,0.187140450995581,0.5106096271529575,0.4997894262212506,56.17014407301568,20.09885868138306,14.861855942812628,0.04805411069995634,0.01258278706168765,0.047477633122409615,0.0053996843733536085,0.13557700471809608,0.13017732034474247,0,0,0,0,STOP_REJECT,ci_upper_below_break_even,0.0320099821233608,0.08619929453262787,0.06347889952610378,0.029850746268656716,0.06910009026142262,20272229
NFP_201710_REL_20171103,2017-11-03,confirmation,0.3954459519661053,0.5097981755871055,0.41905339167973715,56.17014407301568,20.09885868138306,14.861855942812628,0.08443959546466245,0.012402681720791897,0.08339476536970022,0.022586189306978807,0.18396097220505486,0.16137478289807605,0,0,1,0,STOP_REJECT,ci_upper_below_break_even,0.0320099821233608,0.08619929453262787,0.10948550206793198,0.029850746268656716,0.06930565716515866,20272246
NFP_201711_REL_20171208,2017-12-08,confirmation,0.431167832676869,0.5301556331517313,0.39497811478834355,56.17014407301568,20.09885868138306,14.861855942812628,0.09088911852950966,0.012535210445934922,0.08973458659843254,0.02543323616717978,0.19343857277471116,0.1680053366075314,,,,,STOP_REJECT,ci_upper_below_break_even,0.0320099821233608,0.08619929453262787,0.11318589501949951,0.029850746268656716,0.07010988648969649,20272263
NFP_201712_REL_20180105,2018-01-05,confirmation,0.2303847025963702,0.544896922930203,0.45353852176094106,56.17014407301568,20.09885868138306,14.861855942812628,0.05665082268871393,0.012608421984546314,0.055928683901234975,0.011940334566872771,0.13067303434352925,0.11873269977665649,,,,,STOP_REJECT,ci_upper_below_break_even,0.0320099821233608,0.08619929453262787,0.06881911071081419,0.029850746268656716,0.0707738458345315,20272280
NFP_201801_REL_20180202,2018-02-02,confirmation,0.2670712608269421,0.5670470936185378,0.4294119187143341,56.17014407301568,20.09885868138306,14.861855942812628,0.0655292579983355,0.0122774901186204,0.06471606160557107,0.01351407025657447,0.1551512716486472,0.14163720139207273,0,0,0,1,STOP_REJECT,ci_upper_below_break_even,0.0320099821233608,0.08619929453262787,0.07168760031146493,0.029850746268656716,0.06973561837265967,20272297
NFP_201802_REL_20180309,2018-03-09,confirmation,0.3848479749338604,0.5043711082470694,0.4263833441936867,56.17014407301568,20.09885868138306,14.861855942812628,0.08341975241601296,0.01258951147387867,0.08236654210978278,0.019414512513808,0.18752492993173991,0.16811041741793192,0,0,1,0,STOP_REJECT,ci_upper_below_break_even,0.0320099821233608,0.08619929453262787,0.10854311613726673,0.029850746268656716,0.06984811245584288,20272314
NFP_201803_REL_20180406,2018-04-06,confirmation,0.21661818273539013,0.537015124737167,0.4666468572064256,56.17014407301568,20.09885868138306,14.861855942812628,0.0543301981751689,0.012573236337157371,0.053648909508484596,0.010150513601389287,0.12947261516830819,0.1193221015669189,0,1,1,0,STOP_REJECT,ci_upper_below_break_even,0.0320099821233608,0.08619929453262787,0.06686677594999164,0.029850746268656716,0.06944425947918752,20272331
NFP_201804_REL_20180504,2018-05-04,confirmation,0.2424279835330217,0.5549551662963336,0.44582474878387945,56.17014407301568,20.09885868138306,14.861855942812628,0.05994837081793425,0.012272430615850526,0.05921397481947412,0.013018137823003699,0.13795569240982994,0.12493755458682623,,,,,STOP_REJECT,ci_upper_below_break_even,0.0320099821233608,0.08619929453262787,0.07083072348357414,0.029850746268656716,0.06964823939605472,20272348
NFP_201805_REL_20180601,2018-06-01,confirmation,0.42856053999472277,0.5270721037393726,0.39941388324309357,56.17014407301568,20.09885868138306,14.861855942812628,0.0902511553117837,0.012408383218115826,0.0891078237121969,0.026769731167105973,0.18978071611107897,0.16301098494397298,0,1,0,0,STOP_REJECT,ci_upper_below_break_even,0.0320099821233608,0.08619929453262787,0.11239746463857975,0.029850746268656716,0.0688275802929616,20272365
NFP_201806_REL_20180706,2018-07-06,confirmation,0.46303504275690427,0.5377745305135884,0.3777244255825472,56.17014407301568,20.09885868138306,14.861855942812628,0.09413095173895855,0.012332740410641283,0.09297059667075384,0.025078587467273837,0.20575501286017714,0.1806764253929033,0,0,0,0,STOP_REJECT,ci_upper_below_break_even,0.0320099821233608,0.08619929453262787,0.11647285182169181,0.029850746268656716,0.06952105958438848,20272382
NFP_201807_REL_20180803,2018-08-03,confirmation,0.2405350367445493,0.549896735170629,0.4489435291159981,56.17014407301568,20.09885868138306,14.861855942812628,0.059759712491178105,0.012341263750110493,0.05902645637162928,0.013038352396197286,0.14467915520563623,0.13164080280943896,0,0,1,0,STOP_REJECT,ci_upper_below_break_even,0.0320099821233608,0.08619929453262787,0.06910090804120043,0.029850746268656716,0.06899247495629843,20272399
NFP_201808_REL_20180907,2018-09-07,confirmation,0.4510051913043787,0.5388093284371452,0.38773254319041905,56.17014407301568,20.09885868138306,14.861855942812628,0.09437942589672078,0.012031018661553382,0.09324960083361256,0.026993071961299953,0.19779928004766154,0.17080620808636157,0,1,1,0,STOP_REJECT,ci_upper_below_break_even,0.0320099821233608,0.08619929453262787,0.11432396106416112,0.029850746268656716,0.07012109999258292,20272416
NFP_201809_REL_20181005,2018-10-05,confirmation,0.22926063127745097,0.5428478950135184,0.45428333261525033,56.17014407301568,20.09885868138306,14.861855942812628,0.05680340830992537,0.012219465395181206,0.056113095254910955,0.011151134235623094,0.13559935264505005,0.12444821840942695,0,0,1,0,STOP_REJECT,ci_upper_below_break_even,0.0320099821233608,0.08619929453262787,0.06904737057216893,0.029850746268656716,0.06984715759466846,20272433
NFP_201810_REL_20181102,2018-11-02,confirmation,0.4233292200379686,0.5206354190628918,0.4040552960751084,56.17014407301568,20.09885868138306,14.861855942812628,0.08942394808933958,0.012377779532505948,0.08830772246661062,0.02527647071868523,0.18815808913696988,0.16288161841828463,0,1,1,0,STOP_REJECT,ci_upper_below_break_even,0.0320099821233608,0.08619929453262787,0.11292849937941574,0.029850746268656716,0.06945813784430288,20272450
NFP_201811_REL_20181207,2018-12-07,confirmation,0.2414327044454628,0.5504217228519999,0.44454045037760337,56.17014407301568,20.09885868138306,14.861855942812628,0.05963929612773296,0.012543881529541787,0.05889586684566427,0.012957834470262981,0.14373884891313884,0.13078101444287588,1,1,1,1,STOP_REJECT,ci_upper_below_break_even,0.0320099821233608,0.08619929453262787,0.06978732306215721,0.029850746268656716,0.0699906401320466,20272467
NFP_201812_REL_20190104,2019-01-04,confirmation,0.37890943458126863,0.5054146309648776,0.4357380235545997,56.17014407301568,20.09885868138306,14.861855942812628,0.08361477075840974,0.0122331335240607,0.08260374326668898,0.018703345555885445,0.19212722199979254,0.1734238764439071,0,1,0,1,STOP_REJECT,ci_upper_below_break_even,0.0320099821233608,0.08619929453262787,0.10686505706829455,0.029850746268656716,0.0696028896237547,20272484
NFP_201901_REL_20190201,2019-02-01,confirmation,0.3867170955129633,0.5084643663937776,0.424564244458239,56.17014407301568,20.09885868138306,14.861855942812628,0.0842416525858396,0.0123628861313759,0.08319533935683583,0.01908628256210214,0.18574722433963284,0.1666609417775307,0,1,1,0,STOP_REJECT,ci_upper_below_break_even,0.0320099821233608,0.08619929453262787,0.10867435623460756,0.029850746268656716,0.06888086668492614,20272501
NFP_201902_REL_20190308,2019-03-08,confirmation,0.19783977999685806,0.5206335651418086,0.4876213165009366,56.17014407301568,20.09885868138306,14.861855942812628,0.05053992802253124,0.01221038320597053,0.049909172474495875,0.006697169099870266,0.13646162662647865,0.1297644575266084,0,0,0,1,STOP_REJECT,ci_upper_below_break_even,0.0320099821233608,0.08619929453262787,0.06587931651621184,0.029850746268656716,0.06955753333486348,20272518
NFP_201903_REL_20190405,2019-04-05,confirmation,0.4607656507341431,0.5380382787234315,0.38335005146304985,56.17014407301568,20.09885868138306,14.861855942812628,0.09562738377268454,0.012506042751284557,0.09442405293311872,0.024897373036983344,0.20584992042343223,0.1809525473864489,0,0,0,0,STOP_REJECT,ci_upper_below_break_even,0.0320099821233608,0.08619929453262787,0.11526532009737443,0.029850746268656716,0.06947957001982953,20272535
NFP_201904_REL_20190503,2019-05-03,confirmation,0.41417807194312856,0.5208917878254599,0.409143366218138,56.17014407301568,20.09885868138306,14.861855942812628,0.0891332801969219,0.012181392607667697,0.08805657289059035,0.022970150609043245,0.19213453976172748,0.16916438915268422,0,0,0,0,STOP_REJECT,ci_upper_below_break_even,0.0320099821233608,0.08619929453262787,0.11280747965062901,0.029850746268656716,0.06891991046768454,20272552
NFP_201905_REL_20190607,2019-06-07,confirmation,0.21015657346454192,0.5318099564636953,0.47820060309956686,56.17014407301568,20.09885868138306,14.861855942812628,0.05394727862809502,0.01250814494399356,0.053268427168673804,0.008522670588023595,0.1367732882492119,0.1282506176611883,0,0,1,0,STOP_REJECT,ci_upper_below_break_even,0.0320099821233608,0.08619929453262787,0.06631485364335843,0.029850746268656716,0.06967958207270805,20272569
NFP_201906_REL_20190705,2019-07-05,confirmation,0.45012735734290693,0.5343903245676143,0.3923968908541068,56.17014407301568,20.09885868138306,14.861855942812628,0.09486524569164936,0.012230125878428914,0.09368645494585345,0.025648364183068966,0.20172666580606782,0.17607830162299887,1,1,1,1,STOP_REJECT,ci_upper_below_break_even,0.0320099821233608,0.08619929453262787,0.11372534014830972,0.029850746268656716,0.07111066604912644,20272586
NFP_201907_REL_20190802,2019-08-02,confirmation,0.2524033248295064,0.5597495010305187,0.44342080671257206,56.17014407301568,20.09885868138306,14.861855942812628,0.06288177176285493,0.012378486721778551,0.06209568991319779,0.012851086976885417,0.14665969024095402,0.1338086032640686,,,,,STOP_REJECT,ci_upper_below_break_even,0.0320099821233608,0.08619929453262787,0.07132084277285658,0.029850746268656716,0.07003851791228433,20272603
NFP_201908_REL_20190906,2019-09-06,confirmation,0.2317768967206713,0.5513412294581784,0.4577521774999872,56.17014407301568,20.09885868138306,14.861855942812628,0.05918924662978819,0.012405309943785131,0.058464767447367345,0.011581071644927146,0.13946185863358962,0.12788078698866248,0,0,0,0,STOP_REJECT,ci_upper_below_break_even,0.0320099821233608,0.08619929453262787,0.06924359319265486,0.029850746268656716,0.07030622319873416,20272620
NFP_201909_REL_20191004,2019-10-04,confirmation,0.2456369368277805,0.5542887421363246,0.4492430397647737,56.17014407301568,20.09885868138306,14.861855942812628,0.06142182097021589,0.012374887087607337,0.060670350246951214,0.012739444431025086,0.14465923237273032,0.13191978794170522,0,0,0,0,STOP_REJECT,ci_upper_below_break_even,0.0320099821233608,0.08619929453262787,0.06917205475411257,0.029850746268656716,0.06991298370221566,20272637
NFP_201910_REL_20191101,2019-11-01,confirmation,0.24001759829514385,0.5533078118966869,0.4482049512626477,56.17014407301568,20.09885868138306,14.861855942812628,0.06011354725841672,0.012530950393838622,0.05935241172200273,0.0127168520364928,0.14583854929500312,0.1331216972585103,0,0,0,0,STOP_REJECT,ci_upper_below_break_even,0.0320099821233608,0.08619929453262787,0.06913065773745818,0.029850746268656716,0.06938053600238375,20272654
NFP_201911_REL_20191206,2019-12-06,confirmation,0.3915366301646734,0.511339325678057,0.4221441737709591,56.17014407301568,20.09885868138306,14.861855942812628,0.08492501010188086,0.012191294392849602,0.0838832962714748,0.02041230383388451,0.19023928948019728,0.16982698564631277,0,0,0,1,STOP_REJECT,ci_upper_below_break_even,0.0320099821233608,0.08619929453262787,0.1096656073543578,0.029850746268656716,0.06992635919153,20272671
NFP_201912_REL_20200110,2020-01-10,confirmation,0.2516561592053815,0.5606404364391931,0.4380346553007039,56.17014407301568,20.09885868138306,14.861855942812628,0.0617981396010676,0.01218975160838663,0.0610267840973956,0.013117882840819255,0.1458977892914594,0.13277990645064017,0,0,0,1,STOP_REJECT,ci_upper_below_break_even,0.0320099821233608,0.08619929453262787,0.0687475635072083,0.029850746268656716,0.06962505377877025,20272688
NFP_202001_REL_20200207,2020-02-07,confirmation,0.4133827377917696,0.5169793940555691,0.40867895898663403,56.17014407301568,20.09885868138306,14.861855942812628,0.08785787991810531,0.012116099375064492,0.086782097637236,0.02262776307922503,0.19303111271868187,0.17040334963945683,0,0,1,0,STOP_REJECT,ci_upper_below_break_even,0.0320099821233608,0.08619929453262787,0.11165328353873702,0.029850746268656716,0.07069956886769069,20272705
NFP_202002_REL_20200306,2020-03-06,confirmation,0.38388334460963347,0.5045198631828829,0.43336317497660887,56.17014407301568,20.09885868138306,14.861855942812628,0.08380811612910856,0.012418403070538528,0.08276097243644774,0.018930875230785047,0.19099634173668975,0.1720654665059047,0,0,0,0,STOP_REJECT,ci_upper_below_break_even,0.0320099821233608,0.08619929453262787,0.10865007904747404,0.029850746268656716,0.07017177893838339,20272722
NFP_202003_REL_20200403,2020-04-03,confirmation,0.17000553926542838,0.47965607400616234,0.5409024004185545,56.17014407301568,20.09885868138306,14.861855942812628,0.04400912707600289,0.011880547155731872,0.043477751404947154,0.0010762269752559604,0.1689765223134182,0.16790029533816223,,,,,STOP_REJECT,ci_upper_below_break_even,0.0320099821233608,0.08619929453262787,0.06139683007650707,0.029850746268656716,0.06940696526927365,20272739
NFP_202004_REL_20200508,2020-05-08,confirmation,0.16664036777209,0.46933946508836616,0.5485300706385611,56.17014407301568,20.09885868138306,14.861855942812628,0.043888403167078524,0.012248864706317806,0.04333762587443549,0.0009635302703425845,0.17554204324861356,0.17457851297827098,,,,,STOP_REJECT,ci_upper_below_break_even,0.0320099821233608,0.08619929453262787,0.061669591711191886,0.029850746268656716,0.07018530401464132,20272756
NFP_202005_REL_20200605,2020-06-05,confirmation,0.41620745845530566,0.5205125396374078,0.4061253965035759,56.17014407301568,20.09885868138306,14.861855942812628,0.08849260229004834,0.012294198475875411,0.08740939422952831,0.022826072212210325,0.18667574531354136,0.16384967310133103,,,,,STOP_REJECT,ci_upper_below_break_even,0.0320099821233608,0.08619929453262787,0.11234438366113315,0.029850746268656716,0.07025059361093383,20272773
NFP_202006_REL_20200702,2020-07-02,confirmation,0.38168446256699984,0.5068041460883691,0.4325578316205705,56.17014407301568,20.09885868138306,14.861855942812628,0.0836239041520059,0.012460095737170747,0.0825952530750763,0.01887708061227273,0.1922805134870361,0.17340343287476337,0,0,1,0,STOP_REJECT,ci_upper_below_break_even,0.0320099821233608,0.08619929453262787,0.10808300619450148,0.029850746268656716,0.07057557788324946,20272790
NFP_202007_REL_20200807,2020-08-07,confirmation,0.43194900777473866,0.5276674148071279,0.3990048954241664,56.17014407301568,20.09885868138306,14.861855942812628,0.09129150428266447,0.012304120144820185,0.09017028220326441,0.024714133366949786,0.19539238466912737,0.1706782513021776,1,1,1,1,STOP_REJECT,ci_upper_below_break_even,0.0320099821233608,0.08619929453262787,0.11320656585804585,0.029850746268656716,0.0692099618671177,20272807
NFP_202008_REL_20200904,2020-09-04,confirmation,0.44093785251776624,0.5316660902181461,0.3888674993904021,56.17014407301568,20.09885868138306,14.861855942812628,0.09113884307251051,0.01250669749452591,0.08998734055446303,0.02485312075943175,0.1937060196252644,0.16885289886583266,0,0,0,0,STOP_REJECT,ci_upper_below_break_even,0.0320099821233608,0.08619929453262787,0.11296335373038523,0.029850746268656716,0.07012836131603298,20272824
NFP_202009_REL_20201002,2020-10-02,confirmation,0.4605168900339919,0.5412818430103968,0.38128162825477946,56.17014407301568,20.09885868138306,14.861855942812628,0.09541983886759739,0.012529779432847613,0.09423112279095724,0.023541110030815843,0.20383283996483756,0.1802917299340217,0,0,0,0,STOP_REJECT,ci_upper_below_break_even,0.0320099821233608,0.08619929453262787,0.11489995837416964,0.029850746268656716,0.06921400122277166,20272841
NFP_202010_REL_20201106,2020-11-06,confirmation,0.46141573051367,0.5430690607668223,0.37779060337428166,56.17014407301568,20.09885868138306,14.861855942812628,0.09449196924234439,0.01204380834459184,0.09334495522591589,0.02488533925784734,0.2068650701000636,0.18197973084221628,0,1,1,0,STOP_REJECT,ci_upper_below_break_even,0.0320099821233608,0.08619929453262787,0.11359231301956799,0.029850746268656716,0.069796226797103,20272858
NFP_202011_REL_20201204,2020-12-04,confirmation,0.27671700597410664,0.5696672558617517,0.4223762066705588,56.17014407301568,20.09885868138306,14.861855942812628,0.06693182250349608,0.012703113361625757,0.06608625721625563,0.012329678277612655,0.1657098539101198,0.15338017563250714,,,,,STOP_REJECT,ci_upper_below_break_even,0.0320099821233608,0.08619929453262787,0.07277959113108472,0.029850746268656716,0.06965979852227656,20272875
NFP_202012_REL_20210108,2021-01-08,confirmation,0.2669850595687769,0.5658167511995356,0.4282599895361915,56.17014407301568,20.09885868138306,14.861855942812628,0.06496015824020282,0.012221457652977986,0.06417324190375903,0.012360048991753197,0.15383372032845574,0.14147367133670255,,,,,STOP_REJECT,ci_upper_below_break_even,0.0320099821233608,0.08619929453262787,0.07254062946007679,0.029850746268656716,0.07034164308904561,20272892
NFP_202101_REL_20210205,2021-02-05,confirmation,0.2721934218218875,0.5638918096157063,0.41880730624441137,56.17014407301568,20.09885868138306,14.861855942812628,0.06434730458134512,0.012392032800681801,0.06354050144196954,0.012347783077860233,0.1545670863167878,0.14221930323892756,0,1,0,0,STOP_REJECT,ci_upper_below_break_even,0.0320099821233608,0.08619929453262787,0.07153766707663296,0.029850746268656716,0.07038253453458718,20272909
NFP_202102_REL_20210305,2021-03-05,confirmation,0.28482263846508404,0.5719099096421645,0.42175571657673316,56.17014407301568,20.09885868138306,14.861855942812628,0.06893484523550454,0.012338794600878326,0.06809172912809544,0.012654081699942444,0.16689773794124702,0.15424365624130457,,,,,STOP_REJECT,ci_upper_below_break_even,0.0320099821233608,0.08619929453262787,0.07391322347804717,0.029850746268656716,0.06953313652292377,20272926
NFP_202104_REL_20210507,2021-05-07,confirmation,0.2729102127952331,0.5667572106422397,0.42945549859273546,56.17014407301568,20.09885868138306,14.861855942812628,0.06646473316318219,0.012142043919789817,0.06564959096259974,0.01192012155888375,0.1575866893730735,0.14566656781418974,0,1,0,0,STOP_REJECT,ci_upper_below_break_even,0.0320099821233608,0.08619929453262787,0.07389880438289281,0.029850746268656716,0.07058588931768461,20272943
NFP_202105_REL_20210604,2021-06-04,confirmation,0.27957999279181694,0.571190237997441,0.42563886571257165,56.17014407301568,20.09885868138306,14.861855942812628,0.06804433546522097,0.012499797678911186,0.06719984214130317,0.012713975425955197,0.16541356568915677,0.15269959026320157,0,1,0,1,STOP_REJECT,ci_upper_below_break_even,0.0320099821233608,0.08619929453262787,0.07472872189735882,0.029850746268656716,0.06952499408103857,20272960
NFP_202106_REL_20210702,2021-07-02,confirmation,0.46345009116064556,0.5466617601342425,0.38189899866506366,56.17014407301568,20.09885868138306,14.861855942812628,0.09721017836689709,0.012516828984940196,0.09597682292234783,0.02284260624065918,0.2106643869641881,0.18782178072352892,0,0,0,0,STOP_ABSTAIN,terminal_ci_straddles_break_even,0.0320099821233608,0.08619929453262787,0.11624979350204172,0.029850746268656716,0.06954680456902951,20272977
NFP_202107_REL_20210806,2021-08-06,confirmation,0.46653334556913567,0.5389050468330527,0.38278459163681167,56.17014407301568,20.09885868138306,14.861855942812628,0.09660831118684103,0.012635395510172816,0.0953763963684612,0.02375782396996735,0.2132154487733392,0.18945762480337186,,,,,STOP_ABSTAIN,terminal_ci_straddles_break_even,0.0320099821233608,0.08619929453262787,0.11520148143585354,0.029850746268656716,0.07019593851253299,20272994
NFP_202108_REL_20210903,2021-09-03,confirmation,0.27593088806928745,0.5639848285077764,0.42776627285784413,56.17014407301568,20.09885868138306,14.861855942812628,0.06616081835864694,0.012109837369203028,0.06535787063579584,0.013377499370094196,0.15822938188643473,0.14485188251634054,0,0,0,1,STOP_REJECT,ci_upper_below_break_even,0.0320099821233608,0.08619929453262787,0.07179885572421621,0.029850746268656716,0.0712518874077933,20273011
NFP_202109_REL_20211008,2021-10-08,confirmation,0.273894183601589,0.5722877730348305,0.42723539496387664,56.17014407301568,20.09885868138306,14.861855942812628,0.06740304785149066,0.01276455518355545,0.06653599977721325,0.012765720636069722,0.16135528312491357,0.14858956248884383,,,,,STOP_REJECT,ci_upper_below_break_even,0.0320099821233608,0.08619929453262787,0.07273754915044583,0.029850746268656716,0.0702735536035874,20273028
NFP_202110_REL_20211105,2021-11-05,confirmation,0.4669586539243242,0.5441013132761224,0.3831493786120882,56.17014407301568,20.09885868138306,14.861855942812628,0.09769070422985802,0.012338434915941698,0.0964898092098438,0.02261279516677689,0.2123289608954758,0.1897161657286989,0,0,1,1,STOP_ABSTAIN,terminal_ci_straddles_break_even,0.0320099821233608,0.08619929453262787,0.11600387883718442,0.029850746268656716,0.07031306801885967,20273045
NFP_202111_REL_20211203,2021-12-03,confirmation,0.2792109258196808,0.5687406721374121,0.420650456243684,56.17014407301568,20.09885868138306,14.861855942812628,0.067299786617356,0.012220487495036597,0.06646163370930629,0.011882788461438278,0.16600084158124576,0.15411805311980747,0,0,1,1,STOP_REJECT,ci_upper_below_break_even,0.0320099821233608,0.08619929453262787,0.07316246579409369,0.029850746268656716,0.07047832200492848,20273062
NFP_202112_REL_20220107,2022-01-07,confirmation,0.28215508557324437,0.5700330061431003,0.42727072728484483,56.17014407301568,20.09885868138306,14.861855942812628,0.06890753439210197,0.012747344780932184,0.06802347093322514,0.012937274210290959,0.16954422501597305,0.1566069508056821,0,0,0,0,STOP_REJECT,ci_upper_below_break_even,0.0320099821233608,0.08619929453262787,0.07387427596402912,0.029850746268656716,0.07135118523498106,20273079
NFP_202201_REL_20220204,2022-02-04,confirmation,0.47288938585182133,0.544863301839688,0.3808810720902312,56.17014407301568,20.09885868138306,14.861855942812628,0.09846654336009274,0.01210862723006118,0.09728520474611278,0.023428893079496044,0.2188182530051353,0.19538935992563924,0,1,1,0,STOP_ABSTAIN,terminal_ci_straddles_break_even,0.0320099821233608,0.08619929453262787,0.11572305517051773,0.029850746268656716,0.06967817262261591,20273096
NFP_202202_REL_20220304,2022-03-04,confirmation,0.4710394034016278,0.5434299515743956,0.3820239679212182,56.17014407301568,20.09885868138306,14.861855942812628,0.0980648792924536,0.012280424360208016,0.09686934139059512,0.023322769241520266,0.21502689408241596,0.1917041248408957,0,0,1,1,STOP_ABSTAIN,terminal_ci_straddles_break_even,0.0320099821233608,0.08619929453262787,0.1162740284444083,0.029850746268656716,0.07029891971763877,20273113
NFP_202203_REL_20220401,2022-04-01,confirmation,0.2819586887312637,0.566460602596108,0.428666022607837,56.17014407301568,20.09885868138306,14.861855942812628,0.06845224916753884,0.012147714641678643,0.06763640164131278,0.012620687878297303,0.16884341376559603,0.1562227258872987,0,0,1,0,STOP_REJECT,ci_upper_below_break_even,0.0320099821233608,0.08619929453262787,0.07407536996035001,0.029850746268656716,0.07037632899878878,20273130
NFP_202204_REL_20220506,2022-05-06,confirmation,0.2848011727095298,0.5683778526198198,0.4181796558572511,56.17014407301568,20.09885868138306,14.861855942812628,0.06787666647534052,0.01217399039227514,0.06703495511221326,0.011972629076115616,0.16730244873261466,0.15532981965649903,0,0,0,0,STOP_REJECT,ci_upper_below_break_even,0.0320099821233608,0.08619929453262787,0.07488481586197879,0.029850746268656716,0.070543199023769,20273147
NFP_202205_REL_20220603,2022-06-03,confirmation,0.27992053965772484,0.5674166948909521,0.42743504972566077,56.17014407301568,20.09885868138306,14.861855942812628,0.06775901516855713,0.012292735161020411,0.0669319990142613,0.012569085794439779,0.16362340257512087,0.1510543167806811,0,0,0,0,STOP_REJECT,ci_upper_below_break_even,0.0320099821233608,0.08619929453262787,0.07559342200057487,0.029850746268656716,0.06972247369932812,20273164
NFP_202206_REL_20220708,2022-07-08,confirmation,0.2822597319206321,0.5708363900771819,0.42360913929460603,56.17014407301568,20.09885868138306,14.861855942812628,0.06833765702491099,0.012399575102585455,0.06749989174883711,0.012119460463931843,0.1654797930486365,0.15336033258470466,0,0,0,0,STOP_REJECT,ci_upper_below_break_even,0.0320099821233608,0.08619929453262787,0.07323547753555498,0.029850746268656716,0.0699707033327312,20273181
NFP_202207_REL_20220805,2022-08-05,confirmation,0.46842882340100583,0.5409779941080187,0.37865687073317894,56.17014407301568,20.09885868138306,14.861855942812628,0.09607553309711525,0.012242963265510444,0.09488316403330072,0.023005850915034765,0.2123767122299262,0.18937086131489145,1,1,1,1,STOP_ABSTAIN,terminal_ci_straddles_break_even,0.0320099821233608,0.08619929453262787,0.11631282473473935,0.029850746268656716,0.06969711837676582,20273198
NFP_202208_REL_20220902,2022-09-02,confirmation,0.28120731282978106,0.5684521750856621,0.42638639166809716,56.17014407301568,20.09885868138306,14.861855942812628,0.06873189975611163,0.012157608958527358,0.06788050405604702,0.01176908886469846,0.17255385374295673,0.16078476487825827,1,1,1,1,STOP_REJECT,ci_upper_below_break_even,0.0320099821233608,0.08619929453262787,0.07329958519519571,0.029850746268656716,0.07077010429456558,20273215
NFP_202209_REL_20221007,2022-10-07,confirmation,0.2762653807839152,0.5653475689272432,0.4256811487631236,56.17014407301568,20.09885868138306,14.861855942812628,0.06681575510279825,0.012564195229083829,0.06597558311026236,0.012194393440704271,0.16670436841159564,0.15450997497089136,0,0,0,1,STOP_REJECT,ci_upper_below_break_even,0.0320099821233608,0.08619929453262787,0.07303550940433347,0.029850746268656716,0.07036824162177333,20273232
NFP_202210_REL_20221104,2022-11-04,confirmation,0.28013300196437135,0.5689232822883799,0.4208876118622339,56.17014407301568,20.09885868138306,14.861855942812628,0.06770579943220327,0.012525660701468058,0.06685081188218257,0.011372939922226698,0.16914932983842781,0.1577763899162011,0,0,0,1,STOP_REJECT,ci_upper_below_break_even,0.0320099821233608,0.08619929453262787,0.07341757860624205,0.029850746268656716,0.07011971118190576,20273249
NFP_202211_REL_20221202,2022-12-02,confirmation,0.2830765484126272,0.5642478174697725,0.43196974796836196,56.17014407301568,20.09885868138306,14.861855942812628,0.06929952401618675,0.012400642045968958,0.06845046761260073,0.012525962091839718,0.17115591962179483,0.15862995752995512,0,0,0,0,STOP_REJECT,ci_upper_below_break_even,0.0320099821233608,0.08619929453262787,0.07436699568795158,0.029850746268656716,0.06936842340930686,20273266
NFP_202212_REL_20230106,2023-01-06,confirmation,0.27957774842928446,0.5689291689801027,0.42202742428998213,56.17014407301568,20.09885868138306,14.861855942812628,0.06772243026551612,0.012374668466522803,0.06687539321246122,0.01174661228499569,0.16833645565492938,0.1565898433699337,1,1,1,1,STOP_REJECT,ci_upper_below_break_even,0.0320099821233608,0.08619929453262787,0.07522617102070851,0.029850746268656716,0.07086743604853789,20273283
NFP_202301_REL_20230203,2023-02-03,confirmation,0.4692028492034346,0.5406254514843116,0.37770032077682325,56.17014407301568,20.09885868138306,14.861855942812628,0.09655289623578121,0.012531568989573664,0.09533779361814683,0.021508243695327528,0.2205792086398069,0.19907096494447937,1,1,1,1,STOP_ABSTAIN,terminal_ci_straddles_break_even,0.0320099821233608,0.08619929453262787,0.11472328270639266,0.029850746268656716,0.07074926667577265,20273300
NFP_202302_REL_20230310,2023-03-10,confirmation,0.2802023698223969,0.5705802610735432,0.42261594533788216,56.17014407301568,20.09885868138306,14.861855942812628,0.06831486172610035,0.012120210516534885,0.06749572588893553,0.011975031030113305,0.1713457380421902,0.1593707070120769,1,1,1,1,STOP_REJECT,ci_upper_below_break_even,0.0320099821233608,0.08619929453262787,0.07279156182590356,0.029850746268656716,0.07006140106693275,20273317
NFP_202304_REL_20230505,2023-05-05,confirmation,0.2811022674420377,0.5685427947344724,0.4191526004559269,56.17014407301568,20.09885868138306,14.861855942812628,0.06737829343458242,0.012335042117730215,0.06654063578530045,0.011612120469926414,0.1713574317426331,0.1597453112727067,0,0,0,1,STOP_REJECT,ci_upper_below_break_even,0.0320099821233608,0.08619929453262787,0.0745356962920745,0.029850746268656716,0.06997520557698,20273334
NFP_202305_REL_20230602,2023-06-02,confirmation,0.47295388372909364,0.5444423827903455,0.38020133542013596,56.17014407301568,20.09885868138306,14.861855942812628,0.0982813558473382,0.012519945529635744,0.09702904160987956,0.02210166339074548,0.22544527586332508,0.2033436124725796,0,1,0,1,STOP_ABSTAIN,terminal_ci_straddles_break_even,0.0320099821233608,0.08619929453262787,0.11733254232114962,0.029850746268656716,0.06890213728072805,20273351
NFP_202306_REL_20230707,2023-07-07,confirmation,0.2821002962091023,0.5690262831681687,0.418752876634835,56.17014407301568,20.09885868138306,14.861855942812628,0.06751613909500412,0.011867461013239902,0.06670657972914572,0.011102558582344322,0.16733219758411816,0.15622963900177383,0,0,0,0,STOP_REJECT,ci_upper_below_break_even,0.0320099821233608,0.08619929453262787,0.07559367132723734,0.029850746268656716,0.06995161414408946,20273368
NFP_202307_REL_20230804,2023-08-04,confirmation,0.2841989635565143,0.5710784350841106,0.4197348904662962,56.17014407301568,20.09885868138306,14.861855942812628,0.06817857828510604,0.012362267744801926,0.06734359102459021,0.011830124714499644,0.1684184757375175,0.15658835102301785,0,1,1,0,STOP_REJECT,ci_upper_below_break_even,0.0320099821233608,0.08619929453262787,0.07364737622685842,0.029850746268656716,0.0710047101523683,20273385
NFP_202308_REL_20230901,2023-09-01,confirmation,0.28000474492390365,0.5715205358550925,0.42514356419950605,56.17014407301568,20.09885868138306,14.861855942812628,0.06819642628239977,0.012531107341487028,0.06734965651733711,0.012045842946670158,0.16646590909751469,0.15442006615084453,0,0,0,0,STOP_REJECT,ci_upper_below_break_even,0.0320099821233608,0.08619929453262787,0.07480474016154103,0.029850746268656716,0.07009576940392633,20273402
NFP_202309_REL_20231006,2023-10-06,confirmation,0.4693934547019718,0.543616564457134,0.3804944368010174,56.17014407301568,20.09885868138306,14.861855942812628,0.09792773711186646,0.012280332604858836,0.09673551172556238,0.021902129444213554,0.22131772481297055,0.199415595368757,0,0,0,0,STOP_ABSTAIN,terminal_ci_straddles_break_even,0.0320099821233608,0.08619929453262787,0.11687432120578205,0.029850746268656716,0.07010525882207798,20273419
NFP_202310_REL_20231103,2023-11-03,confirmation,0.27808369312812453,0.5733348461936069,0.42645010983473436,56.17014407301568,20.09885868138306,14.861855942812628,0.06777390377328614,0.012079052144633501,0.06695937612271216,0.011928864381759876,0.16355803601793065,0.15162917163617076,0,1,1,0,STOP_REJECT,ci_upper_below_break_even,0.0320099821233608,0.08619929453262787,0.07468037814291502,0.029850746268656716,0.06960835558923242,20273436
NFP_202311_REL_20231208,2023-12-08,confirmation,0.28177890723489984,0.5692198386785849,0.42235306772222747,56.17014407301568,20.09885868138306,14.861855942812628,0.06811234368916161,0.01227417230868048,0.06725173224598267,0.011286778758401055,0.17075862241572018,0.15947184365731912,0,0,1,1,STOP_REJECT,ci_upper_below_break_even,0.0320099821233608,0.08619929453262787,0.07195623361787529,0.029850746268656716,0.06943109490418596,20273453
NFP_202312_REL_20240105,2024-01-05,confirmation,0.28842943660491777,0.5642370959248802,0.4225699563610599,56.17014407301568,20.09885868138306,14.861855942812628,0.06905489248246266,0.012348774837919813,0.06819265465419519,0.011789898724072576,0.1707820895366798,0.15899219081260724,0,0,0,0,STOP_REJECT,ci_upper_below_break_even,0.0320099821233608,0.08619929453262787,0.07433015836154913,0.029850746268656716,0.07034686346533958,20273470
NFP_202401_REL_20240202,2024-02-02,confirmation,0.4718849084928182,0.5412700034000953,0.37687841279078205,56.17014407301568,20.09885868138306,14.861855942812628,0.09658638216616658,0.012382609614474703,0.09538431926443591,0.020646781037836466,0.21946840447407998,0.19882162343624352,1,1,1,1,STOP_ABSTAIN,terminal_ci_straddles_break_even,0.0320099821233608,0.08619929453262787,0.1137176067663482,0.029850746268656716,0.07090333839467973,20273487
NFP_202402_REL_20240308,2024-03-08,confirmation,0.47154875190605344,0.5418237453771207,0.3759070128272647,56.17014407301568,20.09885868138306,14.861855942812628,0.09639380813712643,0.012261497953828911,0.09521328520394452,0.020996184888266725,0.21797965004862563,0.19698346516035892,0,0,0,1,STOP_ABSTAIN,terminal_ci_straddles_break_even,0.0320099821233608,0.08619929453262787,0.1152069826796731,0.029850746268656716,0.07041073764279326,20273504
NFP_202403_REL_20240405,2024-04-05,confirmation,0.4736236652502975,0.5469827235084469,0.3755593416766114,56.17014407301568,20.09885868138306,14.861855942812628,0.0977766839968001,0.012610000551073355,0.0965471964355389,0.02168849242837317,0.22052544835350482,0.19883695592513165,0,1,0,0,STOP_ABSTAIN,terminal_ci_straddles_break_even,0.0320099821233608,0.08619929453262787,0.11739739649287384,0.029850746268656716,0.07010815025525993,20273521
NFP_202404_REL_20240503,2024-05-03,confirmation,0.2817130620534166,0.5657617766832806,0.42242627071757577,56.17014407301568,20.09885868138306,14.861855942812628,0.0677491749015152,0.012039201350590055,0.06693377460749907,0.011469982082387541,0.17026891885037523,0.1587989367679877,0,0,1,0,STOP_REJECT,ci_upper_below_break_even,0.0320099821233608,0.08619929453262787,0.07516079788930237,0.029850746268656716,0.07029555393338578,20273538
NFP_202405_REL_20240607,2024-06-07,confirmation,0.4688673547042364,0.5384868395427919,0.3803568153649995,56.17014407301568,20.09885868138306,14.861855942812628,0.09659307019196012,0.012179762611636025,0.09539973964849596,0.02164646266624069,0.21885684917128168,0.197210386505041,1,1,1,1,STOP_ABSTAIN,terminal_ci_straddles_break_even,0.0320099821233608,0.08619929453262787,0.11480255141954715,0.029850746268656716,0.06960156953918165,20273555
NFP_202406_REL_20240705,2024-07-05,confirmation,0.2847057827488879,0.5674114346771045,0.42220682919428193,56.17014407301568,20.09885868138306,14.861855942812628,0.06859712080023525,0.012160145144467038,0.0677649890139463,0.011389492563414979,0.17310425893417997,0.16171476637076498,1,1,1,1,STOP_REJECT,ci_upper_below_break_even,0.0320099821233608,0.08619929453262787,0.07626256021673569,0.029850746268656716,0.06968352227517498,20273572
NFP_202407_REL_20240802,2024-08-02,confirmation,0.2822957739967759,0.5674934466265306,0.42891835537493783,56.17014407301568,20.09885868138306,14.861855942812628,0.06960732323338643,0.012153985177451298,0.06877098239954614,0.012193338053249018,0.17558772202809278,0.16339438397484377,0,1,1,0,STOP_REJECT,ci_upper_below_break_even,0.0320099821233608,0.08619929453262787,0.07497803556371205,0.029850746268656716,0.06980170442469552,20273589
NFP_202408_REL_20240906,2024-09-06,confirmation,0.2847220995508325,0.5649005972507595,0.4229847897263355,56.17014407301568,20.09885868138306,14.861855942812628,0.06877943915661418,0.012128224015995434,0.06793530560205054,0.011333723487673244,0.17550933703376534,0.1641756135460921,0,1,0,0,STOP_REJECT,ci_upper_below_break_even,0.0320099821233608,0.08619929453262787,0.07463985281173276,0.029850746268656716,0.07023912956659345,20273606
NFP_202409_REL_20241004,2024-10-04,confirmation,0.47211425380585115,0.5483565058322484,0.3826940321362825,56.17014407301568,20.09885868138306,14.861855942812628,0.09995527400553957,0.012166716320727551,0.09873431646639746,0.021670588722260135,0.23489901714107256,0.21322842841881243,0,1,1,0,STOP_ABSTAIN,terminal_ci_straddles_break_even,0.0320099821233608,0.08619929453262787,0.11588177308902965,0.029850746268656716,0.07081368676734294,20273623
NFP_202410_REL_20241101,2024-11-01,confirmation,0.27698665616498525,0.5644089630501128,0.4249531468352983,56.17014407301568,20.09885868138306,14.861855942812628,0.0666196726334223,0.012100434852637313,0.0658125199509551,0.01146222754777785,0.16632724997539783,0.15486502242761999,0,0,1,0,STOP_REJECT,ci_upper_below_break_even,0.0320099821233608,0.08619929453262787,0.07368873003177502,0.029850746268656716,0.07035159962004583,20273640
NFP_202411_REL_20241206,2024-12-06,confirmation,0.474120513298907,0.541270890380488,0.38064524166146846,56.17014407301568,20.09885868138306,14.861855942812628,0.09756486250395767,0.012162621611183828,0.09637222551020783,0.021833437611139327,0.21694902050941617,0.19511558289827685,,,,,STOP_ABSTAIN,terminal_ci_straddles_break_even,0.0320099821233608,0.08619929453262787,0.11656902917240612,0.029850746268656716,0.0696785901620545,20273657
NFP_202412_REL_20250110,2025-01-10,confirmation,0.47268142133782215,0.5453643344668319,0.37456980734565204,56.17014407301568,20.09885868138306,14.861855942812628,0.09682376679489517,0.012336343668663428,0.09562328874933573,0.021978731738453758,0.22115148941487087,0.19917275767641712,0,1,1,0,STOP_ABSTAIN,terminal_ci_straddles_break_even,0.0320099821233608,0.08619929453262787,0.11628383847527328,0.029850746268656716,0.07089431731907307,20273674
